product.sku,product.alapar,product.szorzo,product.tax_class_id,product.gross_price,product.quantity_2,product.instock_status_id
4088_01,18102.3622047,1.5,27,22990,0,1
5442_01,6291.33858268,1.5,27,7990,0,1
5950_01,5503.93700787,1.5,27,6990,1,1
1579_01,13377.9527559,1.5,27,16990,0,1
1579_02,13377.9527559,1.5,27,16990,0,1
1579_03,13377.9527559,1.5,27,16990,0,1
1579_04,13377.9527559,1.5,27,16990,0,1
1579_05,13377.9527559,1.5,27,16990,0,1
1579_06,13377.9527559,1.5,27,16990,0,1
1579_07,13377.9527559,1.5,27,16990,0,1
1579_08,13377.9527559,1.5,27,16990,0,1
1579_09,13377.9527559,1.5,27,16990,0,1
1579_10,13377.9527559,1.5,27,16990,0,1
1579_11,13377.9527559,1.5,27,16990,0,1
1579_12,13377.9527559,1.5,27,16990,0,1
1579_13,13377.9527559,1.5,27,16990,0,1
1579_14,13377.9527559,1.5,27,16990,0,1
1579_15,13377.9527559,1.5,27,16990,0,1
1579_16,13377.9527559,1.5,27,16990,0,1
1579_17,13377.9527559,1.5,27,16990,0,1
1579_18,13377.9527559,1.5,27,16990,0,1
1627_01,3929.13385827,1.5,27,4990,5,1
2637_01,3929.13385827,1.5,27,4990,6,1
2969_01,5503.93700787,1.5,27,6990,1,1
2969_02,5503.93700787,1.5,27,6990,0,1
2969_03,5503.93700787,1.5,27,6990,1,1
2969_04,5503.93700787,1.5,27,6990,1,1
3013_01,5503.93700787,1.5,27,6990,2,1
3013_02,5503.93700787,1.5,27,6990,0,1
3013_03,5503.93700787,1.5,27,6990,0,1
3013_04,5503.93700787,1.5,27,6990,0,1
3619_01,1173.22834646,1.5,27,1490,9,1
3619_02,1173.22834646,1.5,27,1490,9,1
3620_01,1173.22834646,1.5,27,1490,6,1
3620_02,1173.22834646,1.5,27,1490,6,1
3760_01,5503.93700787,1.5,27,6990,1,1
3760_02,5503.93700787,1.5,27,6990,2,1
3761_01,5503.93700787,1.5,27,6990,1,1
4411_01,3929.13385827,1.5,27,4990,0,1
4419_01,4716.53543307,1.5,27,5990,0,1
4430_01,2748.03149606,1.5,27,3490,0,1
4435_01,12590.5511811,1.5,27,15990,0,1
4435_02,12590.5511811,1.5,27,15990,0,1
4435_03,12590.5511811,1.5,27,15990,0,1
4435_04,12590.5511811,1.5,27,15990,0,1
4435_05,12590.5511811,1.5,27,15990,0,1
4435_06,12590.5511811,1.5,27,15990,1,1
4435_07,12590.5511811,1.5,27,15990,0,1
4435_08,12590.5511811,1.5,27,15990,0,1
4435_09,12590.5511811,1.5,27,15990,0,1
4435_10,12590.5511811,1.5,27,15990,0,1
4435_11,12590.5511811,1.5,27,15990,0,1
4435_12,12590.5511811,1.5,27,15990,0,1
4435_13,12590.5511811,1.5,27,15990,0,1
4435_14,12590.5511811,1.5,27,15990,1,1
4435_15,12590.5511811,1.5,27,15990,0,1
4435_16,12590.5511811,1.5,27,15990,0,1
4435_17,12590.5511811,1.5,27,15990,0,1
4435_18,12590.5511811,1.5,27,15990,0,1
4436_01,12590.5511811,1.5,27,15990,0,1
4436_02,12590.5511811,1.5,27,15990,1,1
4436_03,12590.5511811,1.5,27,15990,0,1
4436_04,12590.5511811,1.5,27,15990,0,1
4436_05,12590.5511811,1.5,27,15990,0,1
4436_06,12590.5511811,1.5,27,15990,0,1
4436_07,12590.5511811,1.5,27,15990,0,1
4436_08,12590.5511811,1.5,27,15990,0,1
4436_09,12590.5511811,1.5,27,15990,0,1
4436_10,12590.5511811,1.5,27,15990,0,1
4436_11,12590.5511811,1.5,27,15990,0,1
4436_12,12590.5511811,1.5,27,15990,0,1
4436_13,12590.5511811,1.5,27,15990,0,1
4436_14,12590.5511811,1.5,27,15990,0,1
4436_15,12590.5511811,1.5,27,15990,3,1
4436_16,12590.5511811,1.5,27,15990,3,1
4436_17,12590.5511811,1.5,27,15990,0,1
4436_18,12590.5511811,1.5,27,15990,0,1
4437_01,12590.5511811,1.5,27,15990,0,1
4437_02,12590.5511811,1.5,27,15990,0,1
4437_03,12590.5511811,1.5,27,15990,0,1
4437_04,12590.5511811,1.5,27,15990,0,1
4437_05,12590.5511811,1.5,27,15990,0,1
4437_06,12590.5511811,1.5,27,15990,0,1
4437_07,12590.5511811,1.5,27,15990,0,1
4437_08,12590.5511811,1.5,27,15990,0,1
4437_09,12590.5511811,1.5,27,15990,0,1
4437_10,12590.5511811,1.5,27,15990,0,1
4437_11,12590.5511811,1.5,27,15990,0,1
4437_12,12590.5511811,1.5,27,15990,0,1
4437_13,12590.5511811,1.5,27,15990,0,1
4437_14,12590.5511811,1.5,27,15990,0,1
4437_15,12590.5511811,1.5,27,15990,0,1
4437_16,12590.5511811,1.5,27,15990,0,1
4437_17,12590.5511811,1.5,27,15990,1,1
4437_18,12590.5511811,1.5,27,15990,0,1
4454_01,14165.3543307,1.5,27,17990,0,1
4454_02,14165.3543307,1.5,27,17990,1,1
4454_03,14165.3543307,1.5,27,17990,0,1
4454_04,14165.3543307,1.5,27,17990,0,1
4454_05,14165.3543307,1.5,27,17990,0,1
4454_06,14165.3543307,1.5,27,17990,0,1
4454_07,14165.3543307,1.5,27,17990,0,1
4454_08,14165.3543307,1.5,27,17990,1,1
4454_09,14165.3543307,1.5,27,17990,2,1
4454_10,14165.3543307,1.5,27,17990,1,1
4454_11,14165.3543307,1.5,27,17990,0,1
4454_12,14165.3543307,1.5,27,17990,2,1
4454_13,14165.3543307,1.5,27,17990,1,1
4454_14,14165.3543307,1.5,27,17990,0,1
4454_15,14165.3543307,1.5,27,17990,5,1
4454_16,14165.3543307,1.5,27,17990,2,1
4454_17,14165.3543307,1.5,27,17990,1,1
4454_18,14165.3543307,1.5,27,17990,1,1
4454_19,14165.3543307,1.5,27,17990,0,1
4454_20,14165.3543307,1.5,27,17990,0,1
4455_01,14165.3543307,1.5,27,17990,0,1
4455_02,14165.3543307,1.5,27,17990,0,1
4455_03,14165.3543307,1.5,27,17990,0,1
4455_04,14165.3543307,1.5,27,17990,0,1
4455_05,14165.3543307,1.5,27,17990,0,1
4455_06,14165.3543307,1.5,27,17990,0,1
4455_07,14165.3543307,1.5,27,17990,0,1
4455_08,14165.3543307,1.5,27,17990,0,1
4455_09,14165.3543307,1.5,27,17990,0,1
4455_10,14165.3543307,1.5,27,17990,0,1
4455_11,14165.3543307,1.5,27,17990,0,1
4455_12,14165.3543307,1.5,27,17990,1,1
4455_13,14165.3543307,1.5,27,17990,1,1
4455_14,14165.3543307,1.5,27,17990,1,1
4455_15,14165.3543307,1.5,27,17990,0,1
4455_16,14165.3543307,1.5,27,17990,1,1
4455_17,14165.3543307,1.5,27,17990,0,1
4455_18,14165.3543307,1.5,27,17990,0,1
4465_01,6291.33858268,1.5,27,7990,0,1
4476_01,5503.93700787,1.5,27,6990,0,1
4476_02,5503.93700787,1.5,27,6990,0,1
4476_03,5503.93700787,1.5,27,6990,0,1
4476_04,5503.93700787,1.5,27,6990,0,1
4511_01,13377.9527559,1.5,27,16990,0,1
4511_02,13377.9527559,1.5,27,16990,1,1
4511_03,13377.9527559,1.5,27,16990,0,1
4511_04,13377.9527559,1.5,27,16990,0,1
4511_05,13377.9527559,1.5,27,16990,0,1
4511_06,13377.9527559,1.5,27,16990,0,1
4511_07,13377.9527559,1.5,27,16990,0,1
4511_08,13377.9527559,1.5,27,16990,0,1
4511_09,13377.9527559,1.5,27,16990,1,1
4511_10,13377.9527559,1.5,27,16990,0,1
4511_11,13377.9527559,1.5,27,16990,0,1
4511_12,13377.9527559,1.5,27,16990,1,1
4511_13,13377.9527559,1.5,27,16990,0,1
4511_14,13377.9527559,1.5,27,16990,0,1
4511_15,13377.9527559,1.5,27,16990,1,1
4511_16,13377.9527559,1.5,27,16990,1,1
4511_17,13377.9527559,1.5,27,16990,0,1
4511_18,13377.9527559,1.5,27,16990,0,1
4709_01,5503.93700787,1.5,27,6990,1,1
4709_02,5503.93700787,1.5,27,6990,0,1
4709_03,5503.93700787,1.5,27,6990,1,1
4709_04,5503.93700787,1.5,27,6990,0,1
4985_01,5503.93700787,1.5,27,6990,0,1
4985_02,5503.93700787,1.5,27,6990,0,1
5168_01,11803.1496063,1.5,27,14990,0,1
5168_02,11803.1496063,1.5,27,14990,1,1
5283_01,6291.33858268,1.5,27,7990,0,1
5306_01,4716.53543307,1.5,27,5990,0,1
5358_01,14165.3543307,1.5,27,17990,0,1
5358_02,14165.3543307,1.5,27,17990,0,1
5358_03,14165.3543307,1.5,27,17990,0,1
5358_04,14165.3543307,1.5,27,17990,0,1
5358_05,14165.3543307,1.5,27,17990,0,1
5358_06,14165.3543307,1.5,27,17990,0,1
5358_07,14165.3543307,1.5,27,17990,0,1
5358_08,14165.3543307,1.5,27,17990,0,1
5358_09,14165.3543307,1.5,27,17990,0,1
5358_10,14165.3543307,1.5,27,17990,0,1
5358_11,14165.3543307,1.5,27,17990,0,1
5358_12,14165.3543307,1.5,27,17990,0,1
5358_13,14165.3543307,1.5,27,17990,0,1
5358_14,14165.3543307,1.5,27,17990,0,1
5358_15,14165.3543307,1.5,27,17990,1,1
5358_16,14165.3543307,1.5,27,17990,0,1
5358_17,14165.3543307,1.5,27,17990,0,1
5358_18,14165.3543307,1.5,27,17990,0,1
5456_01,4716.53543307,1.5,27,5990,0,1
5487_01,12590.5511811,1.5,27,15990,0,1
5487_02,12590.5511811,1.5,27,15990,0,1
5487_03,12590.5511811,1.5,27,15990,0,1
5487_04,12590.5511811,1.5,27,15990,0,1
5487_05,12590.5511811,1.5,27,15990,0,1
5487_06,12590.5511811,1.5,27,15990,0,1
5487_07,12590.5511811,1.5,27,15990,3,1
5487_08,12590.5511811,1.5,27,15990,0,1
5487_09,12590.5511811,1.5,27,15990,0,1
5487_10,12590.5511811,1.5,27,15990,0,1
5487_11,12590.5511811,1.5,27,15990,0,1
5487_12,12590.5511811,1.5,27,15990,0,1
5487_13,12590.5511811,1.5,27,15990,0,1
5487_14,12590.5511811,1.5,27,15990,0,1
5495_01,2748.03149606,1.5,27,3490,53,1
5686_01,12590.5511811,1.5,27,15990,1,1
5700_01,12590.5511811,1.5,27,15990,1,1
5700_02,12590.5511811,1.5,27,15990,1,1
5704_01,12590.5511811,1.5,27,15990,1,1
5742_01,2748.03149606,1.5,27,3490,67,1
5807_01,17314.9606299,1.5,27,21990,0,1
5807_02,17314.9606299,1.5,27,21990,0,1
5807_03,17314.9606299,1.5,27,21990,1,1
5807_04,17314.9606299,1.5,27,21990,0,1
5807_05,17314.9606299,1.5,27,21990,0,1
5807_06,17314.9606299,1.5,27,21990,0,1
5807_07,17314.9606299,1.5,27,21990,0,1
5807_08,17314.9606299,1.5,27,21990,0,1
5807_09,17314.9606299,1.5,27,21990,0,1
5807_10,17314.9606299,1.5,27,21990,0,1
5825_01,11803.1496063,1.5,27,14990,0,1
5881_01,4716.53543307,1.5,27,5990,0,1
5969_01,5503.93700787,1.5,27,6990,0,1
5969_02,5503.93700787,1.5,27,6990,1,1
6012_01,1960.62992126,1.5,27,2490,0,1
6022_01,3141.73228346,1.5,27,3990,0,1
6031_01,11803.1496063,1.5,27,14990,0,1
6031_02,11803.1496063,1.5,27,14990,0,1
6058_01,17314.9606299,1.5,27,21990,1,1
6058_02,17314.9606299,1.5,27,21990,0,1
6058_03,17314.9606299,1.5,27,21990,0,1
6058_04,17314.9606299,1.5,27,21990,1,1
6058_05,17314.9606299,1.5,27,21990,2,1
6058_06,17314.9606299,1.5,27,21990,1,1
6058_07,17314.9606299,1.5,27,21990,1,1
6058_08,17314.9606299,1.5,27,21990,0,1
6058_09,17314.9606299,1.5,27,21990,0,1
6058_10,17314.9606299,1.5,27,21990,0,1
6058_11,17314.9606299,1.5,27,21990,0,1
6058_12,17314.9606299,1.5,27,21990,0,1
6058_13,17314.9606299,1.5,27,21990,0,1
6058_14,17314.9606299,1.5,27,21990,1,1
6058_15,17314.9606299,1.5,27,21990,1,1
6058_16,17314.9606299,1.5,27,21990,1,1
6058_17,17314.9606299,1.5,27,21990,0,1
6068_01,16527.5590551,1.5,27,20990,0,1
6068_02,16527.5590551,1.5,27,20990,0,1
6068_03,16527.5590551,1.5,27,20990,0,1
6068_04,16527.5590551,1.5,27,20990,0,1
6068_05,16527.5590551,1.5,27,20990,0,1
6068_06,16527.5590551,1.5,27,20990,0,1
6068_07,16527.5590551,1.5,27,20990,0,1
6068_08,16527.5590551,1.5,27,20990,0,1
6068_09,16527.5590551,1.5,27,20990,0,1
6068_10,16527.5590551,1.5,27,20990,0,1
6068_11,16527.5590551,1.5,27,20990,0,1
6068_12,16527.5590551,1.5,27,20990,0,1
6068_13,16527.5590551,1.5,27,20990,0,1
6068_14,16527.5590551,1.5,27,20990,0,1
6068_15,16527.5590551,1.5,27,20990,0,1
6068_16,16527.5590551,1.5,27,20990,0,1
6068_17,16527.5590551,1.5,27,20990,0,1
6076_01,6291.33858268,1.5,27,7990,0,1
6172_01,16527.5590551,1.5,27,20990,1,1
6174_01,17314.9606299,1.5,27,21990,0,1
6174_02,17314.9606299,1.5,27,21990,0,1
6174_03,17314.9606299,1.5,27,21990,1,1
6174_04,17314.9606299,1.5,27,21990,0,1
6174_05,17314.9606299,1.5,27,21990,0,1
6174_06,17314.9606299,1.5,27,21990,0,1
6174_07,17314.9606299,1.5,27,21990,0,1
6174_08,17314.9606299,1.5,27,21990,0,1
6174_09,17314.9606299,1.5,27,21990,0,1
6174_10,17314.9606299,1.5,27,21990,0,1
6174_11,17314.9606299,1.5,27,21990,0,1
6174_12,17314.9606299,1.5,27,21990,0,1
6174_13,17314.9606299,1.5,27,21990,0,1
6174_14,17314.9606299,1.5,27,21990,1,1
6174_15,17314.9606299,1.5,27,21990,0,1
6174_16,17314.9606299,1.5,27,21990,0,1
6174_17,17314.9606299,1.5,27,21990,0,1
6178_01,4716.53543307,1.5,27,5990,71,1
6185_01,5503.93700787,1.5,27,6990,0,1
6186_01,5503.93700787,1.5,27,6990,0,1
6186_02,5503.93700787,1.5,27,6990,1,1
6188_01,5503.93700787,1.5,27,6990,1,1
6192_01,14165.3543307,1.5,27,17990,0,1
6196_01,15740.1574803,1.5,27,19990,0,1
6252_01,12590.5511811,1.5,27,15990,1,1
6252_02,12590.5511811,1.5,27,15990,1,1
6294_01,2354.33070866,1.5,27,2990,0,1
6339_01,15740.1574803,1.5,27,19990,0,1
6362_01,6291.33858268,1.5,27,7990,0,1
6362_02,6291.33858268,1.5,27,7990,0,1
6364_01,7866.14173228,1.5,27,9990,1,1
6365_01,6291.33858268,1.5,27,7990,1,1
6365_02,6291.33858268,1.5,27,7990,0,1
6366_01,14165.3543307,1.5,27,17990,0,1
6390_01,6291.33858268,1.5,27,7990,0,1
6394_01,5503.93700787,1.5,27,6990,0,1
6395_01,5503.93700787,1.5,27,6990,1,1
6396_01,6291.33858268,1.5,27,7990,0,1
6400_01,17314.9606299,1.5,27,21990,0,1
6415_01,5503.93700787,1.5,27,6990,0,1
6423_01,6291.33858268,1.5,27,7990,0,1
6424_01,5503.93700787,1.5,27,6990,0,1
6425_01,5503.93700787,1.5,27,6990,0,1
6425_02,5503.93700787,1.5,27,6990,0,1
6428_01,6291.33858268,1.5,27,7990,0,1
6433_01,5503.93700787,1.5,27,6990,0,1
6433_02,5503.93700787,1.5,27,6990,0,1
6434_01,6291.33858268,1.5,27,7990,0,1
6435_01,6291.33858268,1.5,27,7990,0,1
6435_02,6291.33858268,1.5,27,7990,0,1
6435_03,6291.33858268,1.5,27,7990,0,1
6449_01,14165.3543307,1.5,27,17990,1,1
6449_02,14165.3543307,1.5,27,17990,1,1
6449_03,14165.3543307,1.5,27,17990,1,1
6450_01,14165.3543307,1.5,27,17990,0,1
6450_02,14165.3543307,1.5,27,17990,0,1
6454_01,14165.3543307,1.5,27,17990,0,1
6455_01,17314.9606299,1.5,27,21990,0,1
6500_01,19677.1653543,1.5,27,24990,0,1
6500_02,19677.1653543,1.5,27,24990,1,1
6500_03,19677.1653543,1.5,27,24990,1,1
6500_04,19677.1653543,1.5,27,24990,1,1
6500_05,19677.1653543,1.5,27,24990,0,1
6500_06,19677.1653543,1.5,27,24990,1,1
6500_07,19677.1653543,1.5,27,24990,1,1
6500_08,19677.1653543,1.5,27,24990,0,1
6500_09,19677.1653543,1.5,27,24990,0,1
6512_01,22039.3700787,1.5,27,27990,0,1
6513_01,13377.9527559,1.5,27,16990,1,1
6513_02,13377.9527559,1.5,27,16990,1,1
6513_03,13377.9527559,1.5,27,16990,2,1
6514_01,19677.1653543,1.5,27,24990,0,1
6516_01,22039.3700787,1.5,27,27990,0,1
6519_01,14165.3543307,1.5,27,17990,0,1
6521_01,14165.3543307,1.5,27,17990,0,1
6524_01,12590.5511811,1.5,27,15990,0,1
6527_01,13377.9527559,1.5,27,16990,0,1
6531_01,7078.74015748,1.5,27,8990,0,1
6533_01,7866.14173228,1.5,27,9990,0,1
6533_02,7866.14173228,1.5,27,9990,0,1
6533_03,7866.14173228,1.5,27,9990,0,1
6534_01,7866.14173228,1.5,27,9990,0,1
6534_02,7866.14173228,1.5,27,9990,0,1
6571_01,13377.9527559,1.5,27,16990,0,1
6595_01,13377.9527559,1.5,27,16990,0,1
6595_02,13377.9527559,1.5,27,16990,0,1
6595_03,13377.9527559,1.5,27,16990,0,1
6597_01,12590.5511811,1.5,27,15990,0,1
6599_01,6291.33858268,1.5,27,7990,0,1
6601_01,5503.93700787,1.5,27,6990,0,1
6609_01,22039.3700787,1.5,27,27990,0,1
6610_01,22039.3700787,1.5,27,27990,0,1
6616_01,17314.9606299,1.5,27,21990,0,1
6618_01,18102.3622047,1.5,27,22990,0,1
6620_01,3141.73228346,1.5,27,3990,0,1
6622_01,6291.33858268,1.5,27,7990,0,1
6624_01,12590.5511811,1.5,27,15990,1,1
6624_02,12590.5511811,1.5,27,15990,0,1
6625_01,7866.14173228,1.5,27,9990,0,1
6625_02,7866.14173228,1.5,27,9990,0,1
6625_03,7866.14173228,1.5,27,9990,1,1
6626_01,8653.54330709,1.5,27,10990,0,1
6627_01,8653.54330709,1.5,27,10990,0,1
6629_01,8653.54330709,1.5,27,10990,0,1
6641_01,19677.1653543,1.5,27,24990,0,1
6641_02,19677.1653543,1.5,27,24990,0,1
6643_01,29125.984252,1.5,27,36990,0,1
6697_01,6291.33858268,1.5,27,7990,0,1
6699_01,10228.3464567,1.5,27,12990,0,1
6700_01,10228.3464567,1.5,27,12990,1,1
6700_02,10228.3464567,1.5,27,12990,1,1
6700_03,10228.3464567,1.5,27,12990,2,1
6700_04,10228.3464567,1.5,27,12990,1,1
6701_01,10228.3464567,1.5,27,12990,1,1
6701_02,10228.3464567,1.5,27,12990,2,1
6701_03,10228.3464567,1.5,27,12990,2,1
6701_04,10228.3464567,1.5,27,12990,1,1
6702_01,14165.3543307,1.5,27,17990,1,1
6702_02,14165.3543307,1.5,27,17990,1,1
6702_03,14165.3543307,1.5,27,17990,1,1
6702_04,14165.3543307,1.5,27,17990,1,1
6702_05,14165.3543307,1.5,27,17990,1,1
6702_06,14165.3543307,1.5,27,17990,0,1
6703_01,16527.5590551,1.5,27,20990,1,1
6703_02,16527.5590551,1.5,27,20990,1,1
6703_03,16527.5590551,1.5,27,20990,0,1
6703_04,16527.5590551,1.5,27,20990,0,1
6703_05,16527.5590551,1.5,27,20990,1,1
6705_01,14165.3543307,1.5,27,17990,0,1
6705_02,14165.3543307,1.5,27,17990,3,1
6705_03,14165.3543307,1.5,27,17990,1,1
6705_04,14165.3543307,1.5,27,17990,0,1
6706_01,14165.3543307,1.5,27,17990,1,1
6706_02,14165.3543307,1.5,27,17990,1,1
6706_03,14165.3543307,1.5,27,17990,1,1
6706_04,14165.3543307,1.5,27,17990,3,1
6706_05,14165.3543307,1.5,27,17990,1,1
6706_06,14165.3543307,1.5,27,17990,1,1
6706_07,14165.3543307,1.5,27,17990,1,1
6706_08,14165.3543307,1.5,27,17990,1,1
6706_09,14165.3543307,1.5,27,17990,2,1
6707_01,13377.9527559,1.5,27,16990,1,1
6707_02,13377.9527559,1.5,27,16990,0,1
6707_03,13377.9527559,1.5,27,16990,0,1
6707_04,13377.9527559,1.5,27,16990,0,1
6708_01,16527.5590551,1.5,27,20990,0,1
6708_02,16527.5590551,1.5,27,20990,0,1
6708_03,16527.5590551,1.5,27,20990,0,1
6709_01,15740.1574803,1.5,27,19990,0,1
6709_02,15740.1574803,1.5,27,19990,0,1
6709_03,15740.1574803,1.5,27,19990,0,1
6709_04,15740.1574803,1.5,27,19990,0,1
6711_01,15740.1574803,1.5,27,19990,0,1
6711_02,15740.1574803,1.5,27,19990,0,1
6712_01,5503.93700787,1.5,27,6990,1,1
6712_02,5503.93700787,1.5,27,6990,2,1
6712_03,5503.93700787,1.5,27,6990,2,1
6712_04,5503.93700787,1.5,27,6990,1,1
6713_01,5503.93700787,1.5,27,6990,0,1
6713_02,5503.93700787,1.5,27,6990,2,1
6715_01,5503.93700787,1.5,27,6990,0,1
6716_01,5503.93700787,1.5,27,6990,0,1
6717_01,6291.33858268,1.5,27,7990,2,1
6717_02,6291.33858268,1.5,27,7990,0,1
6718_01,4716.53543307,1.5,27,5990,0,1
6720_01,6291.33858268,1.5,27,7990,0,1
6720_02,6291.33858268,1.5,27,7990,0,1
6721_01,6291.33858268,1.5,27,7990,0,1
6721_02,6291.33858268,1.5,27,7990,0,1
6721_03,6291.33858268,1.5,27,7990,0,1
6722_01,6291.33858268,1.5,27,7990,0,1
6723_01,6291.33858268,1.5,27,7990,0,1
6724_01,6291.33858268,1.5,27,7990,0,1
6724_02,6291.33858268,1.5,27,7990,0,1
6725_01,12590.5511811,1.5,27,15990,0,1
6726_01,12590.5511811,1.5,27,15990,0,1
6726_02,12590.5511811,1.5,27,15990,0,1
6727_01,11803.1496063,1.5,27,14990,1,1
6727_02,11803.1496063,1.5,27,14990,0,1
6727_03,11803.1496063,1.5,27,14990,0,1
6728_01,13377.9527559,1.5,27,16990,0,1
6728_02,13377.9527559,1.5,27,16990,1,1
6728_03,13377.9527559,1.5,27,16990,1,1
6729_01,13377.9527559,1.5,27,16990,0,1
6729_02,13377.9527559,1.5,27,16990,0,1
6729_03,13377.9527559,1.5,27,16990,1,1
6733_01,16527.5590551,1.5,27,20990,0,1
6733_02,16527.5590551,1.5,27,20990,0,1
6733_03,16527.5590551,1.5,27,20990,0,1
6733_04,16527.5590551,1.5,27,20990,0,1
6733_05,16527.5590551,1.5,27,20990,0,1
6733_06,16527.5590551,1.5,27,20990,0,1
6733_07,16527.5590551,1.5,27,20990,0,1
6733_08,16527.5590551,1.5,27,20990,0,1
6733_09,16527.5590551,1.5,27,20990,0,1
6733_10,16527.5590551,1.5,27,20990,0,1
6733_11,16527.5590551,1.5,27,20990,0,1
6733_12,16527.5590551,1.5,27,20990,0,1
6733_13,16527.5590551,1.5,27,20990,0,1
6733_14,16527.5590551,1.5,27,20990,0,1
6733_15,16527.5590551,1.5,27,20990,0,1
6733_16,16527.5590551,1.5,27,20990,0,1
6733_17,16527.5590551,1.5,27,20990,0,1
6734_01,17314.9606299,1.5,27,21990,0,1
6734_02,17314.9606299,1.5,27,21990,0,1
6734_03,17314.9606299,1.5,27,21990,0,1
6734_04,17314.9606299,1.5,27,21990,0,1
6735_01,17314.9606299,1.5,27,21990,1,1
6735_02,17314.9606299,1.5,27,21990,1,1
6735_03,17314.9606299,1.5,27,21990,0,1
6735_04,17314.9606299,1.5,27,21990,4,1
6735_05,17314.9606299,1.5,27,21990,1,1
6735_06,17314.9606299,1.5,27,21990,0,1
6735_07,17314.9606299,1.5,27,21990,1,1
6736_01,5503.93700787,1.5,27,6990,0,1
6739_01,6291.33858268,1.5,27,7990,2,1
6739_2,6291.33858268,1.5,27,7990,1,1
6740_01,6291.33858268,1.5,27,7990,0,1
6740_02,6291.33858268,1.5,27,7990,1,1
6741_01,6291.33858268,1.5,27,7990,1,1
6741_02,6291.33858268,1.5,27,7990,0,1
6741_03,6291.33858268,1.5,27,7990,0,1
6741_04,6291.33858268,1.5,27,7990,0,1
6743_01,6291.33858268,1.5,27,7990,0,1
6745_01,5503.93700787,1.5,27,6990,0,1
6745_02,5503.93700787,1.5,27,6990,0,1
6745_03,5503.93700787,1.5,27,6990,0,1
6745_04,5503.93700787,1.5,27,6990,0,1
6748_01,4716.53543307,1.5,27,5990,20,1
6749_01,13377.9527559,1.5,27,16990,1,1
6749_02,13377.9527559,1.5,27,16990,1,1
6758_01,15740.1574803,1.5,27,19990,2,1
6758_02,15740.1574803,1.5,27,19990,1,1
6764_01,13377.9527559,1.5,27,16990,1,1
6765_01,13377.9527559,1.5,27,16990,0,1
6765_02,13377.9527559,1.5,27,16990,1,1
6765_03,13377.9527559,1.5,27,16990,1,1
6765_04,13377.9527559,1.5,27,16990,0,1
6766_01,18102.3622047,1.5,27,22990,0,1
6768_01,16527.5590551,1.5,27,20990,0,1
6768_02,16527.5590551,1.5,27,20990,0,1
6768_03,16527.5590551,1.5,27,20990,0,1
6769_01,16527.5590551,1.5,27,20990,0,1
6769_02,16527.5590551,1.5,27,20990,0,1
6769_03,16527.5590551,1.5,27,20990,1,1
6770_01,15740.1574803,1.5,27,19990,0,1
6770_02,15740.1574803,1.5,27,19990,1,1
6771_01,15740.1574803,1.5,27,19990,0,1
6771_02,15740.1574803,1.5,27,19990,1,1
6771_03,15740.1574803,1.5,27,19990,0,1
6771_04,15740.1574803,1.5,27,19990,0,1
6772_01,15740.1574803,1.5,27,19990,0,1
6772_02,15740.1574803,1.5,27,19990,2,1
6772_03,15740.1574803,1.5,27,19990,1,1
6772_04,15740.1574803,1.5,27,19990,0,1
6774_01,2748.03149606,1.5,27,3490,3,1
6774_02,2748.03149606,1.5,27,3490,3,1
6775_01,15740.1574803,1.5,27,19990,0,1
6775_02,15740.1574803,1.5,27,19990,0,1
6775_03,15740.1574803,1.5,27,19990,0,1
6775_04,15740.1574803,1.5,27,19990,0,1
6776_01,15740.1574803,1.5,27,19990,0,1
6777_01,18102.3622047,1.5,27,22990,1,1
6777_02,18102.3622047,1.5,27,22990,0,1
6777_03,18102.3622047,1.5,27,22990,0,1
6777_04,18102.3622047,1.5,27,22990,2,1
6777_05,18102.3622047,1.5,27,22990,1,1
6778_01,15740.1574803,1.5,27,19990,2,1
6778_02,15740.1574803,1.5,27,19990,0,1
6780_01,13377.9527559,1.5,27,16990,1,1
6780_02,13377.9527559,1.5,27,16990,1,1
6780_03,13377.9527559,1.5,27,16990,1,1
6780_04,13377.9527559,1.5,27,16990,1,1
6780_05,13377.9527559,1.5,27,16990,1,1
6781_01,12590.5511811,1.5,27,15990,0,1
6782_01,12590.5511811,1.5,27,15990,1,1
6782_02,12590.5511811,1.5,27,15990,1,1
6782_03,12590.5511811,1.5,27,15990,0,1
6782_04,12590.5511811,1.5,27,15990,1,1
6782_05,12590.5511811,1.5,27,15990,0,1
6782_06,12590.5511811,1.5,27,15990,0,1
6783_01,13377.9527559,1.5,27,16990,0,1
6783_02,13377.9527559,1.5,27,16990,1,1
6783_03,13377.9527559,1.5,27,16990,0,1
6783_04,13377.9527559,1.5,27,16990,0,1
6783_05,13377.9527559,1.5,27,16990,0,1
6783_06,13377.9527559,1.5,27,16990,0,1
6785_01,16527.5590551,1.5,27,20990,1,1
6785_02,16527.5590551,1.5,27,20990,1,1
6785_03,16527.5590551,1.5,27,20990,2,1
6785_04,16527.5590551,1.5,27,20990,1,1
6785_05,16527.5590551,1.5,27,20990,3,1
6785_06,16527.5590551,1.5,27,20990,1,1
6785_07,16527.5590551,1.5,27,20990,2,1
6785_08,16527.5590551,1.5,27,20990,2,1
6785_09,16527.5590551,1.5,27,20990,1,1
6785_10,16527.5590551,1.5,27,20990,1,1
6785_11,16527.5590551,1.5,27,20990,1,1
6785_12,16527.5590551,1.5,27,20990,1,1
6785_13,16527.5590551,1.5,27,20990,2,1
6786_01,16527.5590551,1.5,27,20990,1,1
6787_01,16527.5590551,1.5,27,20990,0,1
6789_01,4716.53543307,1.5,27,5990,3,1
6790_01,13377.9527559,1.5,27,16990,1,1
6790_02,13377.9527559,1.5,27,16990,1,1
6790_03,13377.9527559,1.5,27,16990,1,1
6790_04,13377.9527559,1.5,27,16990,0,1
6790_05,13377.9527559,1.5,27,16990,3,1
6790_06,13377.9527559,1.5,27,16990,0,1
6791_01,13377.9527559,1.5,27,16990,1,1
6791_02,13377.9527559,1.5,27,16990,0,1
6791_03,13377.9527559,1.5,27,16990,2,1
6791_04,13377.9527559,1.5,27,16990,0,1
6791_05,13377.9527559,1.5,27,16990,0,1
6791_06,13377.9527559,1.5,27,16990,0,1
6791_07,13377.9527559,1.5,27,16990,0,1
6792_01,13377.9527559,1.5,27,16990,1,1
6792_02,13377.9527559,1.5,27,16990,1,1
6792_03,13377.9527559,1.5,27,16990,1,1
6793_01,13377.9527559,1.5,27,16990,1,1
6793_02,13377.9527559,1.5,27,16990,1,1
6793_03,13377.9527559,1.5,27,16990,2,1
6793_04,13377.9527559,1.5,27,16990,1,1
6793_05,13377.9527559,1.5,27,16990,2,1
6793_06,13377.9527559,1.5,27,16990,0,1
6793_07,13377.9527559,1.5,27,16990,0,1
6794_01,13377.9527559,1.5,27,16990,1,1
6794_02,13377.9527559,1.5,27,16990,1,1
6794_03,13377.9527559,1.5,27,16990,0,1
6794_04,13377.9527559,1.5,27,16990,1,1
6798_01,15740.1574803,1.5,27,19990,0,1
6799_01,18102.3622047,1.5,27,22990,0,1
6799_02,18102.3622047,1.5,27,22990,1,1
6799_03,18102.3622047,1.5,27,22990,0,1
6799_04,18102.3622047,1.5,27,22990,1,1
6801_01,17314.9606299,1.5,27,21990,1,1
6801_02,17314.9606299,1.5,27,21990,1,1
6801_03,17314.9606299,1.5,27,21990,1,1
6801_04,17314.9606299,1.5,27,21990,0,1
6801_05,17314.9606299,1.5,27,21990,1,1
6801_06,17314.9606299,1.5,27,21990,0,1
6801_07,17314.9606299,1.5,27,21990,0,1
6851_01,15740.1574803,1.5,27,19990,0,1
6851_02,15740.1574803,1.5,27,19990,1,1
6852_01,15740.1574803,1.5,27,19990,1,1
6852_02,15740.1574803,1.5,27,19990,0,1
6852_03,15740.1574803,1.5,27,19990,1,1
6852_04,15740.1574803,1.5,27,19990,0,1
6852_05,15740.1574803,1.5,27,19990,0,1
6852_06,15740.1574803,1.5,27,19990,0,1
6852_07,15740.1574803,1.5,27,19990,0,1
6852_08,15740.1574803,1.5,27,19990,1,1
6853_01,5503.93700787,1.5,27,6990,0,1
6854_01,5503.93700787,1.5,27,6990,0,1
6855_01,8653.54330709,1.5,27,10990,1,1
6855_02,8653.54330709,1.5,27,10990,1,1
6860_01,14165.3543307,1.5,27,17990,0,1
6862_01,14165.3543307,1.5,27,17990,1,1
6862_02,14165.3543307,1.5,27,17990,1,1
6862_03,14165.3543307,1.5,27,17990,1,1
6862_04,14165.3543307,1.5,27,17990,1,1
6862_05,14165.3543307,1.5,27,17990,1,1
6862_06,14165.3543307,1.5,27,17990,0,1
6862_07,14165.3543307,1.5,27,17990,1,1
6862_08,14165.3543307,1.5,27,17990,0,1
6863_01,14165.3543307,1.5,27,17990,1,1
6863_02,14165.3543307,1.5,27,17990,2,1
6864_01,15740.1574803,1.5,27,19990,1,1
6864_02,15740.1574803,1.5,27,19990,0,1
6864_03,15740.1574803,1.5,27,19990,0,1
6865_01,15740.1574803,1.5,27,19990,1,1
6865_02,15740.1574803,1.5,27,19990,1,1
6865_03,15740.1574803,1.5,27,19990,1,1
6865_04,15740.1574803,1.5,27,19990,1,1
6865_05,15740.1574803,1.5,27,19990,0,1
6866_01,16527.5590551,1.5,27,20990,1,1
6866_02,16527.5590551,1.5,27,20990,0,1
6866_03,16527.5590551,1.5,27,20990,1,1
6866_04,16527.5590551,1.5,27,20990,0,1
6866_05,16527.5590551,1.5,27,20990,1,1
6949_01,14165.3543307,1.5,27,17990,1,1
6949_02,14165.3543307,1.5,27,17990,0,1
6949_03,14165.3543307,1.5,27,17990,0,1
6949_04,14165.3543307,1.5,27,17990,0,1
6949_05,14165.3543307,1.5,27,17990,0,1
6949_06,14165.3543307,1.5,27,17990,1,1
6950_01,14165.3543307,1.5,27,17990,0,1
6950_02,14165.3543307,1.5,27,17990,0,1
6950_03,14165.3543307,1.5,27,17990,0,1
6950_04,14165.3543307,1.5,27,17990,1,1
6951_01,14165.3543307,1.5,27,17990,0,1
6951_02,14165.3543307,1.5,27,17990,1,1
6951_03,14165.3543307,1.5,27,17990,0,1
6951_04,14165.3543307,1.5,27,17990,0,1
6951_05,14165.3543307,1.5,27,17990,0,1
6951_06,14165.3543307,1.5,27,17990,1,1
6953_01,17314.9606299,1.5,27,21990,1,1
6956_01,18102.3622047,1.5,27,22990,0,1
6956_02,18102.3622047,1.5,27,22990,0,1
6956_03,18102.3622047,1.5,27,22990,0,1
6956_04,18102.3622047,1.5,27,22990,0,1
6957_01,19677.1653543,1.5,27,24990,1,1
6957_02,19677.1653543,1.5,27,24990,1,1
6959_01,6291.33858268,1.5,27,7990,0,1
6964_01,11803.1496063,1.5,27,14990,0,1
6965_01,11803.1496063,1.5,27,14990,0,1
6968_01,6291.33858268,1.5,27,7990,0,1
6968_02,6291.33858268,1.5,27,7990,0,1
6968_03,6291.33858268,1.5,27,7990,1,1
6969_01,10228.3464567,1.5,27,12990,1,1
6969_02,10228.3464567,1.5,27,12990,1,1
6969_03,10228.3464567,1.5,27,12990,1,1
6970_01,13377.9527559,1.5,27,16990,1,1
6970_02,13377.9527559,1.5,27,16990,2,1
6971_01,6291.33858268,1.5,27,7990,0,1
6972_01,6291.33858268,1.5,27,7990,1,1
6972_02,6291.33858268,1.5,27,7990,0,1
6972_03,6291.33858268,1.5,27,7990,0,1
6972_04,6291.33858268,1.5,27,7990,0,1
6973_01,5503.93700787,1.5,27,6990,1,1
6973_02,5503.93700787,1.5,27,6990,0,1
6973_03,5503.93700787,1.5,27,6990,1,1
6974_01,5503.93700787,1.5,27,6990,1,1
6975_01,4716.53543307,1.5,27,5990,0,1
6975_02,4716.53543307,1.5,27,5990,0,1
6975_03,4716.53543307,1.5,27,5990,0,1
6987_01,3929.13385827,1.5,27,4990,0,1
6992_01,4716.53543307,1.5,27,5990,0,1
6995_01,6291.33858268,1.5,27,7990,0,1
6995_02,6291.33858268,1.5,27,7990,0,1
6995_03,6291.33858268,1.5,27,7990,0,1
6995_04,6291.33858268,1.5,27,7990,2,1
6996_01,14165.3543307,1.5,27,17990,1,1
6998_01,14165.3543307,1.5,27,17990,0,1
7000_01,6291.33858268,1.5,27,7990,0,1
7000_02,6291.33858268,1.5,27,7990,0,1
7000_03,6291.33858268,1.5,27,7990,0,1
7025_01,3141.73228346,1.5,27,3990,13,1
7026_01,3141.73228346,1.5,27,3990,27,1
7027_01,3141.73228346,1.5,27,3990,14,1
7028_01,15740.1574803,1.5,27,19990,1,1
7028_02,15740.1574803,1.5,27,19990,1,1
7028_03,15740.1574803,1.5,27,19990,0,1
7028_04,15740.1574803,1.5,27,19990,0,1
7028_05,15740.1574803,1.5,27,19990,1,1
7028_06,15740.1574803,1.5,27,19990,1,1
7028_07,15740.1574803,1.5,27,19990,0,1
7028_08,15740.1574803,1.5,27,19990,0,1
7029_01,13377.9527559,1.5,27,16990,1,1
7029_02,13377.9527559,1.5,27,16990,1,1
7029_03,13377.9527559,1.5,27,16990,1,1
7029_04,13377.9527559,1.5,27,16990,0,1
7029_05,13377.9527559,1.5,27,16990,1,1
7029_06,13377.9527559,1.5,27,16990,0,1
7029_07,13377.9527559,1.5,27,16990,1,1
7030_01,5503.93700787,1.5,27,6990,0,1
7031_01,2354.33070866,1.5,27,2990,0,1
7032_01,7866.14173228,1.5,27,9990,0,1
7034_01,14165.3543307,1.5,27,17990,0,1
7034_02,14165.3543307,1.5,27,17990,0,1
7034_03,14165.3543307,1.5,27,17990,0,1
7034_04,14165.3543307,1.5,27,17990,0,1
7034_05,14165.3543307,1.5,27,17990,0,1
7034_06,14165.3543307,1.5,27,17990,2,1
7034_07,14165.3543307,1.5,27,17990,0,1
7034_08,14165.3543307,1.5,27,17990,1,1
7034_09,14165.3543307,1.5,27,17990,0,1
7034_10,14165.3543307,1.5,27,17990,1,1
7035_01,14165.3543307,1.5,27,17990,0,1
7035_02,14165.3543307,1.5,27,17990,0,1
7035_03,14165.3543307,1.5,27,17990,1,1
7035_04,14165.3543307,1.5,27,17990,0,1
7035_05,14165.3543307,1.5,27,17990,0,1
7035_06,14165.3543307,1.5,27,17990,0,1
7035_07,14165.3543307,1.5,27,17990,0,1
7035_08,14165.3543307,1.5,27,17990,0,1
7035_09,14165.3543307,1.5,27,17990,0,1
7035_10,14165.3543307,1.5,27,17990,0,1
7035_11,14165.3543307,1.5,27,17990,0,1
7035_12,14165.3543307,1.5,27,17990,0,1
7037_01,16527.5590551,1.5,27,20990,0,1
7037_02,16527.5590551,1.5,27,20990,1,1
7037_03,16527.5590551,1.5,27,20990,0,1
7037_04,16527.5590551,1.5,27,20990,0,1
7037_05,16527.5590551,1.5,27,20990,0,1
7037_06,16527.5590551,1.5,27,20990,1,1
7037_07,16527.5590551,1.5,27,20990,0,1
7037_08,16527.5590551,1.5,27,20990,1,1
7038_01,17314.9606299,1.5,27,21990,0,1
7038_02,17314.9606299,1.5,27,21990,0,1
7038_03,17314.9606299,1.5,27,21990,0,1
7038_04,17314.9606299,1.5,27,21990,0,1
7038_05,17314.9606299,1.5,27,21990,0,1
7038_06,17314.9606299,1.5,27,21990,0,1
7038_07,17314.9606299,1.5,27,21990,0,1
7038_08,17314.9606299,1.5,27,21990,0,1
7039_01,17314.9606299,1.5,27,21990,1,1
7039_02,17314.9606299,1.5,27,21990,1,1
7039_03,17314.9606299,1.5,27,21990,1,1
7039_04,17314.9606299,1.5,27,21990,0,1
7039_05,17314.9606299,1.5,27,21990,0,1
7039_06,17314.9606299,1.5,27,21990,1,1
7039_07,17314.9606299,1.5,27,21990,1,1
7039_08,17314.9606299,1.5,27,21990,0,1
7040_01,6291.33858268,1.5,27,7990,0,1
7041_01,13377.9527559,1.5,27,16990,1,1
7041_02,13377.9527559,1.5,27,16990,1,1
7041_03,13377.9527559,1.5,27,16990,0,1
7041_04,13377.9527559,1.5,27,16990,0,1
7041_05,13377.9527559,1.5,27,16990,0,1
7041_06,13377.9527559,1.5,27,16990,0,1
7041_07,13377.9527559,1.5,27,16990,1,1
7041_08,13377.9527559,1.5,27,16990,1,1
7041_09,13377.9527559,1.5,27,16990,3,1
7041_10,13377.9527559,1.5,27,16990,0,1
7041_11,13377.9527559,1.5,27,16990,0,1
7041_12,13377.9527559,1.5,27,16990,0,1
7041_13,13377.9527559,1.5,27,16990,0,1
7042_01,15740.1574803,1.5,27,19990,1,1
7042_02,15740.1574803,1.5,27,19990,1,1
7042_03,15740.1574803,1.5,27,19990,0,1
7042_04,15740.1574803,1.5,27,19990,0,1
7043_01,15740.1574803,1.5,27,19990,0,1
7043_02,15740.1574803,1.5,27,19990,1,1
7043_03,15740.1574803,1.5,27,19990,0,1
7047_01,6291.33858268,1.5,27,7990,0,1
7048_01,14165.3543307,1.5,27,17990,0,1
7049_01,7866.14173228,1.5,27,9990,0,1
7050_01,7866.14173228,1.5,27,9990,0,1
7055_01,10228.3464567,1.5,27,12990,2,1
7056_01,7866.14173228,1.5,27,9990,2,1
7057_01,7866.14173228,1.5,27,9990,0,1
7058_01,6291.33858268,1.5,27,7990,2,1
7058_02,6291.33858268,1.5,27,7990,0,1
7060_01,5503.93700787,1.5,27,6990,0,1
7061_01,5503.93700787,1.5,27,6990,0,1
7062_01,5503.93700787,1.5,27,6990,0,1
7063_01,6291.33858268,1.5,27,7990,0,1
7064_01,3141.73228346,1.5,27,3990,0,1
7064_02,3141.73228346,1.5,27,3990,1,1
7065_01,3141.73228346,1.5,27,3990,0,1
7065_02,3141.73228346,1.5,27,3990,1,1
7066_01,3929.13385827,1.5,27,4990,0,1
7066_02,3929.13385827,1.5,27,4990,4,1
7067_01,3929.13385827,1.5,27,4990,0,1
7067_02,3929.13385827,1.5,27,4990,1,1
7068_01,14165.3543307,1.5,27,17990,0,1
7069_01,15740.1574803,1.5,27,19990,0,1
7069_02,15740.1574803,1.5,27,19990,0,1
7069_03,15740.1574803,1.5,27,19990,0,1
7069_04,15740.1574803,1.5,27,19990,0,1
7070_01,15740.1574803,1.5,27,19990,1,1
7070_02,15740.1574803,1.5,27,19990,1,1
7071_01,14165.3543307,1.5,27,17990,1,1
7071_02,14165.3543307,1.5,27,17990,0,1
7071_03,14165.3543307,1.5,27,17990,1,1
7071_04,14165.3543307,1.5,27,17990,0,1
7071_05,14165.3543307,1.5,27,17990,0,1
7072_01,4716.53543307,1.5,27,5990,6,1
7073_01,18102.3622047,1.5,27,22990,0,1
7073_02,18102.3622047,1.5,27,22990,0,1
7073_03,18102.3622047,1.5,27,22990,0,1
7073_04,18102.3622047,1.5,27,22990,0,1
7073_05,18102.3622047,1.5,27,22990,0,1
7073_06,18102.3622047,1.5,27,22990,0,1
7074_01,15740.1574803,1.5,27,19990,1,1
7074_02,15740.1574803,1.5,27,19990,1,1
7074_03,15740.1574803,1.5,27,19990,1,1
7074_04,15740.1574803,1.5,27,19990,1,1
7074_05,15740.1574803,1.5,27,19990,0,1
7074_06,15740.1574803,1.5,27,19990,1,1
7075_01,9440.94488189,1.5,27,11990,4,1
7076_01,8653.54330709,1.5,27,10990,0,1
7077_01,8653.54330709,1.5,27,10990,0,1
7078_01,9440.94488189,1.5,27,11990,5,1
7080_01,12590.5511811,1.5,27,15990,2,1
7081_01,14165.3543307,1.5,27,17990,0,1
7082_01,7866.14173228,1.5,27,9990,0,1
7083_01,7866.14173228,1.5,27,9990,0,1
7085_01,7866.14173228,1.5,27,9990,0,1
7086_01,6291.33858268,1.5,27,7990,0,1
7086_02,6291.33858268,1.5,27,7990,0,1
7086_03,6291.33858268,1.5,27,7990,0,1
7087_01,6291.33858268,1.5,27,7990,0,1
7087_02,6291.33858268,1.5,27,7990,0,1
7088_01,6291.33858268,1.5,27,7990,1,1
7088_02,6291.33858268,1.5,27,7990,0,1
7088_03,6291.33858268,1.5,27,7990,0,1
7088_04,6291.33858268,1.5,27,7990,0,1
7089_01,5503.93700787,1.5,27,6990,0,1
7089_02,5503.93700787,1.5,27,6990,2,1
7089_03,5503.93700787,1.5,27,6990,0,1
7089_04,5503.93700787,1.5,27,6990,2,1
7090_01,5503.93700787,1.5,27,6990,1,1
7090_02,5503.93700787,1.5,27,6990,1,1
7091_01,6291.33858268,1.5,27,7990,0,1
7091_02,6291.33858268,1.5,27,7990,0,1
7091_03,6291.33858268,1.5,27,7990,0,1
7092_01,6291.33858268,1.5,27,7990,0,1
7092_02,6291.33858268,1.5,27,7990,0,1
7092_03,6291.33858268,1.5,27,7990,1,1
7092_04,6291.33858268,1.5,27,7990,0,1
7093_01,6291.33858268,1.5,27,7990,1,1
7093_02,6291.33858268,1.5,27,7990,1,1
7094_01,6291.33858268,1.5,27,7990,1,1
7094_02,6291.33858268,1.5,27,7990,0,1
7095_01,7866.14173228,1.5,27,9990,0,1
7095_02,7866.14173228,1.5,27,9990,1,1
7095_03,7866.14173228,1.5,27,9990,0,1
7095_04,7866.14173228,1.5,27,9990,1,1
7096_01,7078.74015748,1.5,27,8990,0,1
7097_01,7078.74015748,1.5,27,8990,2,1
7097_02,7078.74015748,1.5,27,8990,0,1
7097_03,7078.74015748,1.5,27,8990,0,1
7097_04,7078.74015748,1.5,27,8990,1,1
7098_01,14165.3543307,1.5,27,17990,0,1
7098_02,14165.3543307,1.5,27,17990,2,1
7098_03,14165.3543307,1.5,27,17990,2,1
7099_01,14165.3543307,1.5,27,17990,0,1
7099_02,14165.3543307,1.5,27,17990,1,1
7099_03,14165.3543307,1.5,27,17990,0,1
7100_01,14165.3543307,1.5,27,17990,0,1
7101_01,14165.3543307,1.5,27,17990,0,1
7102_01,17314.9606299,1.5,27,21990,1,1
7102_02,17314.9606299,1.5,27,21990,1,1
7102_03,17314.9606299,1.5,27,21990,1,1
7102_04,17314.9606299,1.5,27,21990,1,1
7102_05,17314.9606299,1.5,27,21990,1,1
7102_06,17314.9606299,1.5,27,21990,0,1
7103_01,15740.1574803,1.5,27,19990,0,1
7103_02,15740.1574803,1.5,27,19990,1,1
7103_03,15740.1574803,1.5,27,19990,0,1
7104_01,17314.9606299,1.5,27,21990,0,1
7104_02,17314.9606299,1.5,27,21990,1,1
7104_03,17314.9606299,1.5,27,21990,0,1
7104_04,17314.9606299,1.5,27,21990,1,1
7104_05,17314.9606299,1.5,27,21990,0,1
7104_06,17314.9606299,1.5,27,21990,0,1
7104_07,17314.9606299,1.5,27,21990,1,1
7104_08,17314.9606299,1.5,27,21990,1,1
7105_01,6291.33858268,1.5,27,7990,0,1
7106_01,4716.53543307,1.5,27,5990,0,1
7107_01,6291.33858268,1.5,27,7990,0,1
7107_02,6291.33858268,1.5,27,7990,0,1
7108_01,5503.93700787,1.5,27,6990,2,1
7109_01,6291.33858268,1.5,27,7990,4,1
7110_01,5503.93700787,1.5,27,6990,0,1
7110_02,5503.93700787,1.5,27,6990,2,1
7111_01,6291.33858268,1.5,27,7990,0,1
7111_02,6291.33858268,1.5,27,7990,0,1
7111_03,6291.33858268,1.5,27,7990,0,1
7112_01,6291.33858268,1.5,27,7990,0,1
7112_02,6291.33858268,1.5,27,7990,2,1
7113_01,14165.3543307,1.5,27,17990,1,1
7113_02,14165.3543307,1.5,27,17990,0,1
7113_03,14165.3543307,1.5,27,17990,1,1
7113_04,14165.3543307,1.5,27,17990,0,1
7114_01,13377.9527559,1.5,27,16990,1,1
7114_02,13377.9527559,1.5,27,16990,0,1
7114_03,13377.9527559,1.5,27,16990,0,1
7114_04,13377.9527559,1.5,27,16990,0,1
7115_01,11803.1496063,1.5,27,14990,0,1
7115_02,11803.1496063,1.5,27,14990,0,1
7115_03,11803.1496063,1.5,27,14990,1,1
7115_04,11803.1496063,1.5,27,14990,1,1
7116_01,11803.1496063,1.5,27,14990,0,1
7116_02,11803.1496063,1.5,27,14990,0,1
7116_03,11803.1496063,1.5,27,14990,0,1
7116_04,11803.1496063,1.5,27,14990,0,1
7117_01,11803.1496063,1.5,27,14990,0,1
7117_02,11803.1496063,1.5,27,14990,0,1
7117_03,11803.1496063,1.5,27,14990,1,1
7118_01,9440.94488189,1.5,27,11990,1,1
7118_02,9440.94488189,1.5,27,11990,0,1
7118_03,9440.94488189,1.5,27,11990,0,1
7118_04,9440.94488189,1.5,27,11990,0,1
7119_01,3929.13385827,1.5,27,4990,0,1
7120_01,3929.13385827,1.5,27,4990,0,1
7121_01,3929.13385827,1.5,27,4990,3,1
7122_01,13377.9527559,1.5,27,16990,1,1
7122_02,13377.9527559,1.5,27,16990,1,1
7122_03,13377.9527559,1.5,27,16990,0,1
7122_04,13377.9527559,1.5,27,16990,0,1
7122_05,13377.9527559,1.5,27,16990,1,1
7122_06,13377.9527559,1.5,27,16990,1,1
7122_07,13377.9527559,1.5,27,16990,1,1
7122_08,13377.9527559,1.5,27,16990,0,1
7122_09,13377.9527559,1.5,27,16990,0,1
7122_10,13377.9527559,1.5,27,16990,1,1
7122_11,13377.9527559,1.5,27,16990,1,1
7123_01,13377.9527559,1.5,27,16990,0,1
7123_02,13377.9527559,1.5,27,16990,1,1
7123_03,13377.9527559,1.5,27,16990,0,1
7123_04,13377.9527559,1.5,27,16990,1,1
7123_05,13377.9527559,1.5,27,16990,1,1
7123_06,13377.9527559,1.5,27,16990,0,1
7123_07,13377.9527559,1.5,27,16990,1,1
7123_08,13377.9527559,1.5,27,16990,0,1
7123_09,13377.9527559,1.5,27,16990,1,1
7123_10,13377.9527559,1.5,27,16990,0,1
7123_11,13377.9527559,1.5,27,16990,0,1
7123_12,13377.9527559,1.5,27,16990,0,1
7123_13,13377.9527559,1.5,27,16990,0,1
7124_01,13377.9527559,1.5,27,16990,1,1
7124_02,13377.9527559,1.5,27,16990,0,1
7124_03,13377.9527559,1.5,27,16990,0,1
7124_04,13377.9527559,1.5,27,16990,0,1
7124_05,13377.9527559,1.5,27,16990,0,1
7124_06,13377.9527559,1.5,27,16990,0,1
7124_07,13377.9527559,1.5,27,16990,0,1
7124_08,13377.9527559,1.5,27,16990,0,1
7125_01,13377.9527559,1.5,27,16990,0,1
7125_02,13377.9527559,1.5,27,16990,0,1
7125_03,13377.9527559,1.5,27,16990,0,1
7125_04,13377.9527559,1.5,27,16990,0,1
7125_05,13377.9527559,1.5,27,16990,0,1
7125_06,13377.9527559,1.5,27,16990,0,1
7125_07,13377.9527559,1.5,27,16990,0,1
7125_08,13377.9527559,1.5,27,16990,0,1
7125_09,13377.9527559,1.5,27,16990,0,1
7125_10,13377.9527559,1.5,27,16990,0,1
7126_01,13377.9527559,1.5,27,16990,1,1
7126_02,13377.9527559,1.5,27,16990,0,1
7126_03,13377.9527559,1.5,27,16990,1,1
7126_04,13377.9527559,1.5,27,16990,1,1
7126_05,13377.9527559,1.5,27,16990,1,1
7126_06,13377.9527559,1.5,27,16990,0,1
7126_07,13377.9527559,1.5,27,16990,0,1
7126_08,13377.9527559,1.5,27,16990,1,1
7126_09,13377.9527559,1.5,27,16990,0,1
7126_10,13377.9527559,1.5,27,16990,0,1
7127_01,16527.5590551,1.5,27,20990,0,1
7127_02,16527.5590551,1.5,27,20990,0,1
7127_03,16527.5590551,1.5,27,20990,0,1
7127_04,16527.5590551,1.5,27,20990,0,1
7127_05,16527.5590551,1.5,27,20990,0,1
7127_06,16527.5590551,1.5,27,20990,0,1
7127_07,16527.5590551,1.5,27,20990,0,1
7127_08,16527.5590551,1.5,27,20990,0,1
7127_09,16527.5590551,1.5,27,20990,0,1
7127_10,16527.5590551,1.5,27,20990,0,1
7127_11,16527.5590551,1.5,27,20990,0,1
7127_12,16527.5590551,1.5,27,20990,0,1
7127_13,16527.5590551,1.5,27,20990,0,1
7128_01,15740.1574803,1.5,27,19990,1,1
7128_02,15740.1574803,1.5,27,19990,1,1
7128_03,15740.1574803,1.5,27,19990,0,1
7128_04,15740.1574803,1.5,27,19990,0,1
7128_05,15740.1574803,1.5,27,19990,0,1
7128_06,15740.1574803,1.5,27,19990,1,1
7128_07,15740.1574803,1.5,27,19990,0,1
7128_08,15740.1574803,1.5,27,19990,0,1
7128_09,15740.1574803,1.5,27,19990,1,1
7128_10,15740.1574803,1.5,27,19990,0,1
7128_11,15740.1574803,1.5,27,19990,1,1
7128_12,15740.1574803,1.5,27,19990,0,1
7129_01,15740.1574803,1.5,27,19990,0,1
7129_02,15740.1574803,1.5,27,19990,0,1
7129_03,15740.1574803,1.5,27,19990,0,1
7129_04,15740.1574803,1.5,27,19990,0,1
7129_05,15740.1574803,1.5,27,19990,0,1
7129_06,15740.1574803,1.5,27,19990,0,1
7129_07,15740.1574803,1.5,27,19990,0,1
7129_08,15740.1574803,1.5,27,19990,0,1
7130_01,14165.3543307,1.5,27,17990,2,1
7130_02,14165.3543307,1.5,27,17990,0,1
7130_03,14165.3543307,1.5,27,17990,0,1
7130_04,14165.3543307,1.5,27,17990,0,1
7130_05,14165.3543307,1.5,27,17990,1,1
7130_06,14165.3543307,1.5,27,17990,0,1
7130_07,14165.3543307,1.5,27,17990,0,1
7130_08,14165.3543307,1.5,27,17990,0,1
7130_09,14165.3543307,1.5,27,17990,0,1
7130_10,14165.3543307,1.5,27,17990,0,1
7130_11,14165.3543307,1.5,27,17990,0,1
7130_12,14165.3543307,1.5,27,17990,0,1
7130_13,14165.3543307,1.5,27,17990,0,1
7131_01,17314.9606299,1.5,27,21990,0,1
7131_02,17314.9606299,1.5,27,21990,0,1
7131_03,17314.9606299,1.5,27,21990,0,1
7131_04,17314.9606299,1.5,27,21990,0,1
7131_05,17314.9606299,1.5,27,21990,0,1
7131_06,17314.9606299,1.5,27,21990,0,1
7131_07,17314.9606299,1.5,27,21990,0,1
7132_01,17314.9606299,1.5,27,21990,0,1
7132_02,17314.9606299,1.5,27,21990,0,1
7132_03,17314.9606299,1.5,27,21990,0,1
7132_04,17314.9606299,1.5,27,21990,0,1
7132_05,17314.9606299,1.5,27,21990,0,1
7132_06,17314.9606299,1.5,27,21990,0,1
7132_07,17314.9606299,1.5,27,21990,0,1
7132_08,17314.9606299,1.5,27,21990,1,1
7132_09,17314.9606299,1.5,27,21990,0,1
7132_10,17314.9606299,1.5,27,21990,0,1
7132_11,17314.9606299,1.5,27,21990,0,1
7132_12,17314.9606299,1.5,27,21990,0,1
7132_13,17314.9606299,1.5,27,21990,0,1
7132_14,17314.9606299,1.5,27,21990,0,1
7132_15,17314.9606299,1.5,27,21990,0,1
7133_01,16527.5590551,1.5,27,20990,0,1
7133_02,16527.5590551,1.5,27,20990,1,1
7133_03,16527.5590551,1.5,27,20990,1,1
7133_04,16527.5590551,1.5,27,20990,0,1
7133_05,16527.5590551,1.5,27,20990,1,1
7133_06,16527.5590551,1.5,27,20990,0,1
7133_07,16527.5590551,1.5,27,20990,0,1
7133_08,16527.5590551,1.5,27,20990,1,1
7134_01,17314.9606299,1.5,27,21990,1,1
7134_02,17314.9606299,1.5,27,21990,1,1
7134_03,17314.9606299,1.5,27,21990,0,1
7134_04,17314.9606299,1.5,27,21990,0,1
7134_05,17314.9606299,1.5,27,21990,0,1
7134_06,17314.9606299,1.5,27,21990,0,1
7135_01,17314.9606299,1.5,27,21990,0,1
7135_02,17314.9606299,1.5,27,21990,0,1
7135_03,17314.9606299,1.5,27,21990,0,1
7135_04,17314.9606299,1.5,27,21990,1,1
7135_05,17314.9606299,1.5,27,21990,1,1
7135_06,17314.9606299,1.5,27,21990,1,1
7136_01,16527.5590551,1.5,27,20990,0,1
7136_02,16527.5590551,1.5,27,20990,1,1
7136_03,16527.5590551,1.5,27,20990,0,1
7136_04,16527.5590551,1.5,27,20990,1,1
7136_05,16527.5590551,1.5,27,20990,0,1
7136_06,16527.5590551,1.5,27,20990,0,1
7136_07,16527.5590551,1.5,27,20990,0,1
7136_08,16527.5590551,1.5,27,20990,0,1
7136_09,16527.5590551,1.5,27,20990,0,1
7137_01,14165.3543307,1.5,27,17990,0,1
7137_02,14165.3543307,1.5,27,17990,0,1
7137_03,14165.3543307,1.5,27,17990,0,1
7137_04,14165.3543307,1.5,27,17990,0,1
7137_05,14165.3543307,1.5,27,17990,0,1
7137_06,14165.3543307,1.5,27,17990,0,1
7137_07,14165.3543307,1.5,27,17990,0,1
7137_08,14165.3543307,1.5,27,17990,0,1
7139_01,19677.1653543,1.5,27,24990,0,1
7139_02,19677.1653543,1.5,27,24990,0,1
7139_03,19677.1653543,1.5,27,24990,0,1
7139_04,19677.1653543,1.5,27,24990,1,1
7140_01,16527.5590551,1.5,27,20990,0,1
7140_02,16527.5590551,1.5,27,20990,0,1
7140_03,16527.5590551,1.5,27,20990,0,1
7140_04,16527.5590551,1.5,27,20990,0,1
7140_05,16527.5590551,1.5,27,20990,0,1
7140_06,16527.5590551,1.5,27,20990,0,1
7140_07,16527.5590551,1.5,27,20990,0,1
7140_08,16527.5590551,1.5,27,20990,0,1
7141_01,16527.5590551,1.5,27,20990,0,1
7141_02,16527.5590551,1.5,27,20990,1,1
7141_03,16527.5590551,1.5,27,20990,0,1
7141_04,16527.5590551,1.5,27,20990,0,1
7141_05,16527.5590551,1.5,27,20990,0,1
7141_06,16527.5590551,1.5,27,20990,0,1
7141_07,16527.5590551,1.5,27,20990,0,1
7141_08,16527.5590551,1.5,27,20990,1,1
7141_09,16527.5590551,1.5,27,20990,1,1
7141_10,16527.5590551,1.5,27,20990,0,1
7142_01,15740.1574803,1.5,27,19990,0,1
7142_02,15740.1574803,1.5,27,19990,0,1
7142_03,15740.1574803,1.5,27,19990,0,1
7142_04,15740.1574803,1.5,27,19990,0,1
7142_05,15740.1574803,1.5,27,19990,0,1
7142_06,15740.1574803,1.5,27,19990,0,1
7142_07,15740.1574803,1.5,27,19990,0,1
7142_08,15740.1574803,1.5,27,19990,0,1
7142_09,15740.1574803,1.5,27,19990,0,1
7142_10,15740.1574803,1.5,27,19990,0,1
7142_11,15740.1574803,1.5,27,19990,0,1
7142_12,15740.1574803,1.5,27,19990,0,1
7143_01,15740.1574803,1.5,27,19990,0,1
7143_02,15740.1574803,1.5,27,19990,0,1
7143_03,15740.1574803,1.5,27,19990,0,1
7143_04,15740.1574803,1.5,27,19990,0,1
7143_05,15740.1574803,1.5,27,19990,0,1
7143_06,15740.1574803,1.5,27,19990,0,1
7143_07,15740.1574803,1.5,27,19990,0,1
7143_08,15740.1574803,1.5,27,19990,0,1
7143_09,15740.1574803,1.5,27,19990,1,1
7143_10,15740.1574803,1.5,27,19990,0,1
7145_01,16527.5590551,1.5,27,20990,1,1
7145_02,16527.5590551,1.5,27,20990,1,1
7145_03,16527.5590551,1.5,27,20990,0,1
7145_04,16527.5590551,1.5,27,20990,0,1
7145_05,16527.5590551,1.5,27,20990,0,1
7145_06,16527.5590551,1.5,27,20990,0,1
7145_07,16527.5590551,1.5,27,20990,0,1
7145_08,16527.5590551,1.5,27,20990,0,1
7146_01,16527.5590551,1.5,27,20990,1,1
7146_02,16527.5590551,1.5,27,20990,1,1
7146_03,16527.5590551,1.5,27,20990,0,1
7146_04,16527.5590551,1.5,27,20990,0,1
7146_05,16527.5590551,1.5,27,20990,1,1
7146_06,16527.5590551,1.5,27,20990,0,1
7146_07,16527.5590551,1.5,27,20990,0,1
7146_08,16527.5590551,1.5,27,20990,1,1
7146_09,16527.5590551,1.5,27,20990,0,1
7147_01,16527.5590551,1.5,27,20990,0,1
7147_02,16527.5590551,1.5,27,20990,0,1
7147_03,16527.5590551,1.5,27,20990,0,1
7147_04,16527.5590551,1.5,27,20990,0,1
7147_05,16527.5590551,1.5,27,20990,0,1
7147_06,16527.5590551,1.5,27,20990,1,1
7147_07,16527.5590551,1.5,27,20990,0,1
7148_01,16527.5590551,1.5,27,20990,0,1
7148_02,16527.5590551,1.5,27,20990,0,1
7148_03,16527.5590551,1.5,27,20990,0,1
7148_04,16527.5590551,1.5,27,20990,2,1
7148_05,16527.5590551,1.5,27,20990,0,1
7148_06,16527.5590551,1.5,27,20990,0,1
7148_07,16527.5590551,1.5,27,20990,0,1
7148_08,16527.5590551,1.5,27,20990,0,1
7150_01,15740.1574803,1.5,27,19990,0,1
7150_02,15740.1574803,1.5,27,19990,0,1
7150_03,15740.1574803,1.5,27,19990,0,1
7150_04,15740.1574803,1.5,27,19990,0,1
7150_05,15740.1574803,1.5,27,19990,0,1
7150_06,15740.1574803,1.5,27,19990,0,1
7150_07,15740.1574803,1.5,27,19990,0,1
7150_08,15740.1574803,1.5,27,19990,0,1
7151_01,15740.1574803,1.5,27,19990,0,1
7151_02,15740.1574803,1.5,27,19990,1,1
7151_03,15740.1574803,1.5,27,19990,1,1
7151_04,15740.1574803,1.5,27,19990,1,1
7151_05,15740.1574803,1.5,27,19990,1,1
7151_06,15740.1574803,1.5,27,19990,2,1
7151_07,15740.1574803,1.5,27,19990,4,1
7151_08,15740.1574803,1.5,27,19990,2,1
7151_09,15740.1574803,1.5,27,19990,1,1
7151_10,15740.1574803,1.5,27,19990,1,1
7151_11,15740.1574803,1.5,27,19990,1,1
7151_12,15740.1574803,1.5,27,19990,2,1
7151_13,15740.1574803,1.5,27,19990,1,1
7152_01,16527.5590551,1.5,27,20990,1,1
7152_02,16527.5590551,1.5,27,20990,1,1
7152_03,16527.5590551,1.5,27,20990,1,1
7152_04,16527.5590551,1.5,27,20990,1,1
7152_05,16527.5590551,1.5,27,20990,0,1
7152_06,16527.5590551,1.5,27,20990,1,1
7153_01,17314.9606299,1.5,27,21990,1,1
7153_02,17314.9606299,1.5,27,21990,0,1
7153_03,17314.9606299,1.5,27,21990,0,1
7153_04,17314.9606299,1.5,27,21990,0,1
7153_05,17314.9606299,1.5,27,21990,0,1
7153_06,17314.9606299,1.5,27,21990,1,1
7153_07,17314.9606299,1.5,27,21990,1,1
7154_01,19677.1653543,1.5,27,24990,0,1
7154_02,19677.1653543,1.5,27,24990,1,1
7154_03,19677.1653543,1.5,27,24990,1,1
7154_04,19677.1653543,1.5,27,24990,1,1
7154_05,19677.1653543,1.5,27,24990,0,1
7154_06,19677.1653543,1.5,27,24990,1,1
7154_07,19677.1653543,1.5,27,24990,0,1
7155_01,19677.1653543,1.5,27,24990,1,1
7155_02,19677.1653543,1.5,27,24990,1,1
7155_03,19677.1653543,1.5,27,24990,1,1
7155_04,19677.1653543,1.5,27,24990,1,1
7155_05,19677.1653543,1.5,27,24990,0,1
7155_06,19677.1653543,1.5,27,24990,1,1
7155_07,19677.1653543,1.5,27,24990,1,1
7155_08,19677.1653543,1.5,27,24990,1,1
7156_01,16527.5590551,1.5,27,20990,0,1
7156_02,16527.5590551,1.5,27,20990,0,1
7156_03,16527.5590551,1.5,27,20990,0,1
7156_04,16527.5590551,1.5,27,20990,0,1
7156_05,16527.5590551,1.5,27,20990,0,1
7156_06,16527.5590551,1.5,27,20990,0,1
7156_07,16527.5590551,1.5,27,20990,0,1
7156_08,16527.5590551,1.5,27,20990,0,1
7157_01,16527.5590551,1.5,27,20990,0,1
7157_02,16527.5590551,1.5,27,20990,0,1
7157_03,16527.5590551,1.5,27,20990,0,1
7157_04,16527.5590551,1.5,27,20990,0,1
7157_05,16527.5590551,1.5,27,20990,0,1
7157_06,16527.5590551,1.5,27,20990,0,1
7157_07,16527.5590551,1.5,27,20990,0,1
7157_08,16527.5590551,1.5,27,20990,0,1
7158_01,19677.1653543,1.5,27,24990,1,1
7158_02,19677.1653543,1.5,27,24990,0,1
7158_03,19677.1653543,1.5,27,24990,1,1
7158_04,19677.1653543,1.5,27,24990,1,1
7158_05,19677.1653543,1.5,27,24990,0,1
7158_06,19677.1653543,1.5,27,24990,0,1
7158_07,19677.1653543,1.5,27,24990,2,1
7158_08,19677.1653543,1.5,27,24990,0,1
7159_01,3929.13385827,1.5,27,4990,0,1
7160_01,13377.9527559,1.5,27,16990,0,1
7160_02,13377.9527559,1.5,27,16990,1,1
7160_03,13377.9527559,1.5,27,16990,0,1
7161_01,9440.94488189,1.5,27,11990,0,1
7161_02,9440.94488189,1.5,27,11990,0,1
7161_03,9440.94488189,1.5,27,11990,0,1
7161_04,9440.94488189,1.5,27,11990,0,1
7162_01,10228.3464567,1.5,27,12990,0,1
7162_02,10228.3464567,1.5,27,12990,0,1
7162_03,10228.3464567,1.5,27,12990,0,1
7162_04,10228.3464567,1.5,27,12990,0,1
7163_01,3141.73228346,1.5,27,3990,1,1
7164_01,6291.33858268,1.5,27,7990,0,1
7165_01,14165.3543307,1.5,27,17990,0,1
7165_02,14165.3543307,1.5,27,17990,0,1
7165_03,14165.3543307,1.5,27,17990,0,1
7166_01,6291.33858268,1.5,27,7990,0,1
7166_02,6291.33858268,1.5,27,7990,0,1
7167_01,7078.74015748,1.5,27,8990,0,1
7167_02,7078.74015748,1.5,27,8990,2,1
7167_03,7078.74015748,1.5,27,8990,1,1
7168_01,7078.74015748,1.5,27,8990,0,1
7168_02,7078.74015748,1.5,27,8990,0,1
7169_01,6291.33858268,1.5,27,7990,0,1
7169_02,6291.33858268,1.5,27,7990,0,1
7169_03,6291.33858268,1.5,27,7990,0,1
7169_04,6291.33858268,1.5,27,7990,0,1
7170_01,6291.33858268,1.5,27,7990,0,1
7170_02,6291.33858268,1.5,27,7990,1,1
7170_03,6291.33858268,1.5,27,7990,0,1
7172_01,3929.13385827,1.5,27,4990,2,1
7173_01,5503.93700787,1.5,27,6990,0,1
7174_01,5503.93700787,1.5,27,6990,0,1
7176_01,7866.14173228,1.5,27,9990,0,1
7182_01,19677.1653543,1.5,27,24990,0,1
7183_01,18102.3622047,1.5,27,22990,1,1
7183_02,18102.3622047,1.5,27,22990,0,1
7183_03,18102.3622047,1.5,27,22990,0,1
7183_04,18102.3622047,1.5,27,22990,0,1
7183_05,18102.3622047,1.5,27,22990,0,1
7183_06,18102.3622047,1.5,27,22990,0,1
7183_07,18102.3622047,1.5,27,22990,0,1
7183_08,18102.3622047,1.5,27,22990,0,1
7207_01,21251.9685039,1.5,27,26990,1,1
7207_02,21251.9685039,1.5,27,26990,1,1
7207_03,21251.9685039,1.5,27,26990,0,1
7207_04,21251.9685039,1.5,27,26990,0,1
7207_05,21251.9685039,1.5,27,26990,0,1
7207_06,21251.9685039,1.5,27,26990,1,1
7208_01,21251.9685039,1.5,27,26990,0,1
7208_02,21251.9685039,1.5,27,26990,1,1
7208_03,21251.9685039,1.5,27,26990,1,1
7208_04,21251.9685039,1.5,27,26990,1,1
7208_05,21251.9685039,1.5,27,26990,2,1
7208_06,21251.9685039,1.5,27,26990,2,1
7208_07,21251.9685039,1.5,27,26990,1,1
7209_01,16527.5590551,1.5,27,20990,0,1
7209_02,16527.5590551,1.5,27,20990,0,1
7209_03,16527.5590551,1.5,27,20990,0,1
7209_04,16527.5590551,1.5,27,20990,0,1
7209_05,16527.5590551,1.5,27,20990,1,1
7209_06,16527.5590551,1.5,27,20990,1,1
7209_07,16527.5590551,1.5,27,20990,0,1
7209_08,16527.5590551,1.5,27,20990,1,1
7209_09,16527.5590551,1.5,27,20990,0,1
7210_01,16527.5590551,1.5,27,20990,1,1
7210_02,16527.5590551,1.5,27,20990,0,1
7210_03,16527.5590551,1.5,27,20990,0,1
7210_04,16527.5590551,1.5,27,20990,1,1
7210_05,16527.5590551,1.5,27,20990,1,1
7210_06,16527.5590551,1.5,27,20990,0,1
7210_07,16527.5590551,1.5,27,20990,1,1
7210_08,16527.5590551,1.5,27,20990,0,1
7210_09,16527.5590551,1.5,27,20990,1,1
7210_10,16527.5590551,1.5,27,20990,1,1
7210_11,16527.5590551,1.5,27,20990,1,1
7211_01,16527.5590551,1.5,27,20990,1,1
7211_02,16527.5590551,1.5,27,20990,0,1
7211_03,16527.5590551,1.5,27,20990,0,1
7211_04,16527.5590551,1.5,27,20990,1,1
7211_05,16527.5590551,1.5,27,20990,1,1
7211_06,16527.5590551,1.5,27,20990,0,1
7211_07,16527.5590551,1.5,27,20990,0,1
7211_08,16527.5590551,1.5,27,20990,0,1
7211_09,16527.5590551,1.5,27,20990,1,1
7211_10,16527.5590551,1.5,27,20990,0,1
7211_11,16527.5590551,1.5,27,20990,1,1
7213_01,16527.5590551,1.5,27,20990,1,1
7213_02,16527.5590551,1.5,27,20990,1,1
7213_03,16527.5590551,1.5,27,20990,1,1
7213_04,16527.5590551,1.5,27,20990,1,1
7213_05,16527.5590551,1.5,27,20990,1,1
7213_06,16527.5590551,1.5,27,20990,1,1
7213_07,16527.5590551,1.5,27,20990,2,1
7213_08,16527.5590551,1.5,27,20990,2,1
7213_09,16527.5590551,1.5,27,20990,0,1
7213_10,16527.5590551,1.5,27,20990,0,1
7213_11,16527.5590551,1.5,27,20990,0,1
7213_12,16527.5590551,1.5,27,20990,1,1
7214_01,19677.1653543,1.5,27,24990,1,1
7214_02,19677.1653543,1.5,27,24990,0,1
7214_03,19677.1653543,1.5,27,24990,0,1
7214_04,19677.1653543,1.5,27,24990,0,1
7214_05,19677.1653543,1.5,27,24990,1,1
7214_06,19677.1653543,1.5,27,24990,1,1
7214_07,19677.1653543,1.5,27,24990,0,1
7214_08,19677.1653543,1.5,27,24990,0,1
7214_09,19677.1653543,1.5,27,24990,0,1
7214_10,19677.1653543,1.5,27,24990,1,1
7214_11,19677.1653543,1.5,27,24990,0,1
7214_12,19677.1653543,1.5,27,24990,0,1
7216_01,21251.9685039,1.5,27,26990,1,1
7216_02,21251.9685039,1.5,27,26990,1,1
7216_03,21251.9685039,1.5,27,26990,1,1
7216_04,21251.9685039,1.5,27,26990,0,1
7216_05,21251.9685039,1.5,27,26990,0,1
7216_06,21251.9685039,1.5,27,26990,0,1
7216_07,21251.9685039,1.5,27,26990,1,1
7216_08,21251.9685039,1.5,27,26990,1,1
7216_09,21251.9685039,1.5,27,26990,0,1
7250_01,12590.5511811,1.5,27,15990,0,1
7262_01,16527.5590551,1.5,27,20990,0,1
7262_02,16527.5590551,1.5,27,20990,0,1
7262_03,16527.5590551,1.5,27,20990,0,1
7262_04,16527.5590551,1.5,27,20990,0,1
7262_05,16527.5590551,1.5,27,20990,0,1
7262_06,16527.5590551,1.5,27,20990,0,1
7278_01,3929.13385827,1.5,27,4990,0,1
7279_01,4716.53543307,1.5,27,5990,0,1
7280_01,4716.53543307,1.5,27,5990,0,1
7281_01,4716.53543307,1.5,27,5990,0,1
7282_01,5503.93700787,1.5,27,6990,0,1
7283_01,5503.93700787,1.5,27,6990,0,1
7284_01,5503.93700787,1.5,27,6990,0,1
7285_01,14165.3543307,1.5,27,17990,1,1
7285_02,14165.3543307,1.5,27,17990,1,1
7285_03,14165.3543307,1.5,27,17990,0,1
7287_01,21251.9685039,1.5,27,26990,0,1
7287_02,21251.9685039,1.5,27,26990,0,1
7287_03,21251.9685039,1.5,27,26990,1,1
7287_04,21251.9685039,1.5,27,26990,0,1
7287_05,21251.9685039,1.5,27,26990,0,1
7287_06,21251.9685039,1.5,27,26990,0,1
7287_07,21251.9685039,1.5,27,26990,0,1
7288_01,21251.9685039,1.5,27,26990,1,1
7288_02,21251.9685039,1.5,27,26990,1,1
7288_03,21251.9685039,1.5,27,26990,1,1
7288_04,21251.9685039,1.5,27,26990,1,1
7288_05,21251.9685039,1.5,27,26990,1,1
7288_06,21251.9685039,1.5,27,26990,1,1
7288_07,21251.9685039,1.5,27,26990,1,1
7289_01,18102.3622047,1.5,27,22990,0,1
7289_02,18102.3622047,1.5,27,22990,0,1
7289_03,18102.3622047,1.5,27,22990,1,1
7289_04,18102.3622047,1.5,27,22990,0,1
7289_05,18102.3622047,1.5,27,22990,1,1
7289_06,18102.3622047,1.5,27,22990,1,1
7289_07,18102.3622047,1.5,27,22990,1,1
7289_08,18102.3622047,1.5,27,22990,0,1
7290_01,16527.5590551,1.5,27,20990,0,1
7290_02,16527.5590551,1.5,27,20990,0,1
7290_03,16527.5590551,1.5,27,20990,0,1
7290_04,16527.5590551,1.5,27,20990,0,1
7290_05,16527.5590551,1.5,27,20990,0,1
7290_06,16527.5590551,1.5,27,20990,0,1
7290_07,16527.5590551,1.5,27,20990,0,1
7290_08,16527.5590551,1.5,27,20990,0,1
7291_01,16527.5590551,1.5,27,20990,1,1
7291_02,16527.5590551,1.5,27,20990,1,1
7291_03,16527.5590551,1.5,27,20990,1,1
7291_04,16527.5590551,1.5,27,20990,1,1
7291_05,16527.5590551,1.5,27,20990,1,1
7291_06,16527.5590551,1.5,27,20990,0,1
7291_07,16527.5590551,1.5,27,20990,1,1
7291_08,16527.5590551,1.5,27,20990,0,1
7292_01,14165.3543307,1.5,27,17990,1,1
7292_02,14165.3543307,1.5,27,17990,1,1
7292_03,14165.3543307,1.5,27,17990,0,1
7292_04,14165.3543307,1.5,27,17990,1,1
7292_05,14165.3543307,1.5,27,17990,0,1
7292_06,14165.3543307,1.5,27,17990,1,1
7292_07,14165.3543307,1.5,27,17990,1,1
7292_08,14165.3543307,1.5,27,17990,0,1
7293_01,21251.9685039,1.5,27,26990,0,1
7293_02,21251.9685039,1.5,27,26990,0,1
7293_03,21251.9685039,1.5,27,26990,0,1
7293_04,21251.9685039,1.5,27,26990,0,1
7293_05,21251.9685039,1.5,27,26990,0,1
7293_06,21251.9685039,1.5,27,26990,0,1
7293_07,21251.9685039,1.5,27,26990,0,1
7293_08,21251.9685039,1.5,27,26990,0,1
7296_01,17314.9606299,1.5,27,21990,1,1
7296_02,17314.9606299,1.5,27,21990,1,1
7296_03,17314.9606299,1.5,27,21990,0,1
7296_04,17314.9606299,1.5,27,21990,0,1
7296_05,17314.9606299,1.5,27,21990,0,1
7296_06,17314.9606299,1.5,27,21990,0,1
7296_07,17314.9606299,1.5,27,21990,0,1
7296_08,17314.9606299,1.5,27,21990,1,1
7296_09,17314.9606299,1.5,27,21990,1,1
7296_10,17314.9606299,1.5,27,21990,0,1
7297_01,17314.9606299,1.5,27,21990,0,1
7297_02,17314.9606299,1.5,27,21990,0,1
7297_03,17314.9606299,1.5,27,21990,0,1
7297_04,17314.9606299,1.5,27,21990,0,1
7297_05,17314.9606299,1.5,27,21990,0,1
7297_06,17314.9606299,1.5,27,21990,0,1
7297_07,17314.9606299,1.5,27,21990,0,1
7297_08,17314.9606299,1.5,27,21990,0,1
7297_09,17314.9606299,1.5,27,21990,1,1
7297_10,17314.9606299,1.5,27,21990,0,1
7298_01,17314.9606299,1.5,27,21990,0,1
7298_02,17314.9606299,1.5,27,21990,0,1
7298_03,17314.9606299,1.5,27,21990,1,1
7298_04,17314.9606299,1.5,27,21990,1,1
7298_05,17314.9606299,1.5,27,21990,0,1
7298_06,17314.9606299,1.5,27,21990,0,1
7298_07,17314.9606299,1.5,27,21990,0,1
7298_08,17314.9606299,1.5,27,21990,0,1
7298_09,17314.9606299,1.5,27,21990,0,1
7298_10,17314.9606299,1.5,27,21990,1,1
7299_01,21251.9685039,1.5,27,26990,0,1
7299_02,21251.9685039,1.5,27,26990,0,1
7299_03,21251.9685039,1.5,27,26990,1,1
7299_04,21251.9685039,1.5,27,26990,0,1
7299_05,21251.9685039,1.5,27,26990,1,1
7300_01,14165.3543307,1.5,27,17990,1,1
7300_02,14165.3543307,1.5,27,17990,0,1
7300_03,14165.3543307,1.5,27,17990,1,1
7300_04,14165.3543307,1.5,27,17990,0,1
7303_01,21251.9685039,1.5,27,26990,1,1
7303_02,21251.9685039,1.5,27,26990,1,1
7303_03,21251.9685039,1.5,27,26990,1,1
7303_04,21251.9685039,1.5,27,26990,1,1
7303_05,21251.9685039,1.5,27,26990,1,1
7303_06,21251.9685039,1.5,27,26990,1,1
7303_07,21251.9685039,1.5,27,26990,0,1
7304_01,19677.1653543,1.5,27,24990,1,1
7304_02,19677.1653543,1.5,27,24990,0,1
7304_03,19677.1653543,1.5,27,24990,1,1
7304_04,19677.1653543,1.5,27,24990,0,1
7304_05,19677.1653543,1.5,27,24990,0,1
7304_06,19677.1653543,1.5,27,24990,0,1
7304_07,19677.1653543,1.5,27,24990,1,1
7304_08,19677.1653543,1.5,27,24990,1,1
7305_01,19677.1653543,1.5,27,24990,1,1
7305_02,19677.1653543,1.5,27,24990,1,1
7305_03,19677.1653543,1.5,27,24990,0,1
7305_04,19677.1653543,1.5,27,24990,0,1
7305_05,19677.1653543,1.5,27,24990,0,1
7305_06,19677.1653543,1.5,27,24990,0,1
7305_07,19677.1653543,1.5,27,24990,0,1
7305_08,19677.1653543,1.5,27,24990,0,1
7305_09,19677.1653543,1.5,27,24990,0,1
7305_10,19677.1653543,1.5,27,24990,0,1
7305_11,19677.1653543,1.5,27,24990,0,1
7307_01,16527.5590551,1.5,27,20990,0,1
7307_02,16527.5590551,1.5,27,20990,0,1
7307_03,16527.5590551,1.5,27,20990,1,1
7307_04,16527.5590551,1.5,27,20990,0,1
7307_05,16527.5590551,1.5,27,20990,0,1
7307_06,16527.5590551,1.5,27,20990,0,1
7307_07,16527.5590551,1.5,27,20990,0,1
7307_08,16527.5590551,1.5,27,20990,0,1
7307_09,16527.5590551,1.5,27,20990,0,1
7307_10,16527.5590551,1.5,27,20990,0,1
7307_11,16527.5590551,1.5,27,20990,0,1
7307_12,16527.5590551,1.5,27,20990,0,1
7308_01,11803.1496063,1.5,27,14990,1,1
7308_02,11803.1496063,1.5,27,14990,1,1
7308_03,11803.1496063,1.5,27,14990,1,1
7309_01,6291.33858268,1.5,27,7990,0,1
7309_02,6291.33858268,1.5,27,7990,0,1
7309_03,6291.33858268,1.5,27,7990,1,1
7309_04,6291.33858268,1.5,27,7990,1,1
7310_01,7866.14173228,1.5,27,9990,0,1
7311_01,7866.14173228,1.5,27,9990,0,1
7311_02,7866.14173228,1.5,27,9990,1,1
7311_03,7866.14173228,1.5,27,9990,0,1
7311_04,7866.14173228,1.5,27,9990,1,1
7312_01,7078.74015748,1.5,27,8990,2,1
7312_02,7078.74015748,1.5,27,8990,1,1
7313_01,7078.74015748,1.5,27,8990,1,1
7313_02,7078.74015748,1.5,27,8990,1,1
7313_03,7078.74015748,1.5,27,8990,1,1
7314_01,6291.33858268,1.5,27,7990,1,1
7315_01,21251.9685039,1.5,27,26990,1,1
7315_02,21251.9685039,1.5,27,26990,0,1
7315_03,21251.9685039,1.5,27,26990,0,1
7315_04,21251.9685039,1.5,27,26990,1,1
7315_05,21251.9685039,1.5,27,26990,0,1
7315_06,21251.9685039,1.5,27,26990,1,1
7315_07,21251.9685039,1.5,27,26990,1,1
7315_08,21251.9685039,1.5,27,26990,0,1
7316_01,21251.9685039,1.5,27,26990,1,1
7316_02,21251.9685039,1.5,27,26990,1,1
7316_03,21251.9685039,1.5,27,26990,0,1
7316_04,21251.9685039,1.5,27,26990,0,1
7316_05,21251.9685039,1.5,27,26990,0,1
7316_06,21251.9685039,1.5,27,26990,0,1
7316_07,21251.9685039,1.5,27,26990,0,1
7316_08,21251.9685039,1.5,27,26990,1,1
7316_09,21251.9685039,1.5,27,26990,0,1
7317_01,15740.1574803,1.5,27,19990,0,1
7317_02,15740.1574803,1.5,27,19990,0,1
7317_03,15740.1574803,1.5,27,19990,0,1
7317_04,15740.1574803,1.5,27,19990,0,1
7317_05,15740.1574803,1.5,27,19990,0,1
7317_06,15740.1574803,1.5,27,19990,0,1
7317_07,15740.1574803,1.5,27,19990,1,1
7317_08,15740.1574803,1.5,27,19990,0,1
7317_09,15740.1574803,1.5,27,19990,0,1
7318_01,21251.9685039,1.5,27,26990,1,1
7318_02,21251.9685039,1.5,27,26990,0,1
7318_04,21251.9685039,1.5,27,26990,0,1
7318_05,21251.9685039,1.5,27,26990,1,1
7318_06,21251.9685039,1.5,27,26990,0,1
7318_07,21251.9685039,1.5,27,26990,1,1
7318_08,21251.9685039,1.5,27,26990,0,1
7318_09,21251.9685039,1.5,27,26990,0,1
7320_01,21251.9685039,1.5,27,26990,1,1
7320_02,21251.9685039,1.5,27,26990,1,1
7320_03,21251.9685039,1.5,27,26990,0,1
7320_04,21251.9685039,1.5,27,26990,0,1
7320_05,21251.9685039,1.5,27,26990,0,1
7320_06,21251.9685039,1.5,27,26990,0,1
7320_07,21251.9685039,1.5,27,26990,1,1
7320_08,21251.9685039,1.5,27,26990,0,1
7320_09,21251.9685039,1.5,27,26990,0,1
7320_10,21251.9685039,1.5,27,26990,0,1
7321_01,21251.9685039,1.5,27,26990,0,1
7321_02,21251.9685039,1.5,27,26990,1,1
7321_03,21251.9685039,1.5,27,26990,1,1
7321_04,21251.9685039,1.5,27,26990,0,1
7321_05,21251.9685039,1.5,27,26990,0,1
7321_06,21251.9685039,1.5,27,26990,1,1
7321_07,21251.9685039,1.5,27,26990,1,1
7321_08,21251.9685039,1.5,27,26990,1,1
7330_01,19677.1653543,1.5,27,24990,1,1
7331_01,15740.1574803,1.5,27,19990,0,1
7331_02,15740.1574803,1.5,27,19990,1,1
7331_03,15740.1574803,1.5,27,19990,1,1
7331_04,15740.1574803,1.5,27,19990,1,1
7331_05,15740.1574803,1.5,27,19990,1,1
7331_06,15740.1574803,1.5,27,19990,2,1
7331_07,15740.1574803,1.5,27,19990,2,1
7331_08,15740.1574803,1.5,27,19990,2,1
7331_09,15740.1574803,1.5,27,19990,1,1
7331_10,15740.1574803,1.5,27,19990,1,1
7331_11,15740.1574803,1.5,27,19990,1,1
7331_12,15740.1574803,1.5,27,19990,1,1
7332_01,16527.5590551,1.5,27,20990,1,1
7332_02,16527.5590551,1.5,27,20990,1,1
7332_03,16527.5590551,1.5,27,20990,1,1
7332_04,16527.5590551,1.5,27,20990,1,1
7332_05,16527.5590551,1.5,27,20990,1,1
7332_06,16527.5590551,1.5,27,20990,1,1
7332_07,16527.5590551,1.5,27,20990,1,1
7332_08,16527.5590551,1.5,27,20990,1,1
7332_09,16527.5590551,1.5,27,20990,1,1
7332_10,16527.5590551,1.5,27,20990,1,1
7333_01,16527.5590551,1.5,27,20990,1,1
7333_02,16527.5590551,1.5,27,20990,1,1
7333_03,16527.5590551,1.5,27,20990,0,1
7333_04,16527.5590551,1.5,27,20990,0,1
7333_05,16527.5590551,1.5,27,20990,1,1
7333_06,16527.5590551,1.5,27,20990,2,1
7333_07,16527.5590551,1.5,27,20990,1,1
7333_08,16527.5590551,1.5,27,20990,2,1
7333_09,16527.5590551,1.5,27,20990,1,1
7333_10,16527.5590551,1.5,27,20990,1,1
7333_11,16527.5590551,1.5,27,20990,1,1
7333_12,16527.5590551,1.5,27,20990,1,1
7333_13,16527.5590551,1.5,27,20990,1,1
7334_01,2748.03149606,1.5,27,3490,2,1
7334_02,2748.03149606,1.5,27,3490,2,1
7335_01,17314.9606299,1.5,27,21990,1,1
7335_02,17314.9606299,1.5,27,21990,1,1
7335_03,17314.9606299,1.5,27,21990,1,1
7335_04,17314.9606299,1.5,27,21990,1,1
7335_05,17314.9606299,1.5,27,21990,1,1
7336_01,15740.1574803,1.5,27,19990,1,1
7336_02,15740.1574803,1.5,27,19990,1,1
7336_03,15740.1574803,1.5,27,19990,1,1
7336_04,15740.1574803,1.5,27,19990,1,1
7336_05,15740.1574803,1.5,27,19990,2,1
7336_06,15740.1574803,1.5,27,19990,1,1
7336_07,15740.1574803,1.5,27,19990,1,1
7336_08,15740.1574803,1.5,27,19990,1,1
7337_01,4716.53543307,1.5,27,5990,1,1
7337_02,4716.53543307,1.5,27,5990,1,1
7337_03,4716.53543307,1.5,27,5990,1,1
7337_04,4716.53543307,1.5,27,5990,1,1
7337_05,4716.53543307,1.5,27,5990,1,1
7338_01,4716.53543307,1.5,27,5990,1,1
7338_02,4716.53543307,1.5,27,5990,1,1
7338_03,4716.53543307,1.5,27,5990,1,1
7338_04,4716.53543307,1.5,27,5990,1,1
7339_01,4716.53543307,1.5,27,5990,1,1
7339_02,4716.53543307,1.5,27,5990,1,1
7339_03,4716.53543307,1.5,27,5990,1,1
7340_01,4716.53543307,1.5,27,5990,1,1
7340_02,4716.53543307,1.5,27,5990,1,1
7340_03,4716.53543307,1.5,27,5990,1,1
7340_04,4716.53543307,1.5,27,5990,1,1
7341_01,4716.53543307,1.5,27,5990,1,1
7341_02,4716.53543307,1.5,27,5990,1,1
7341_03,4716.53543307,1.5,27,5990,1,1
7341_04,4716.53543307,1.5,27,5990,1,1
7342_01,3929.13385827,1.5,27,4990,1,1
7342_02,3929.13385827,1.5,27,4990,1,1
7342_03,3929.13385827,1.5,27,4990,1,1
7342_04,3929.13385827,1.5,27,4990,1,1
7343_01,3929.13385827,1.5,27,4990,1,1
7343_02,3929.13385827,1.5,27,4990,1,1
7343_03,3929.13385827,1.5,27,4990,1,1
7343_04,3929.13385827,1.5,27,4990,1,1
7343_05,3929.13385827,1.5,27,4990,1,1
7344_01,3929.13385827,1.5,27,4990,1,1
7344_02,3929.13385827,1.5,27,4990,1,1
7344_03,3929.13385827,1.5,27,4990,1,1
7344_04,3929.13385827,1.5,27,4990,1,1
7344_05,3929.13385827,1.5,27,4990,1,1
7345_01,3929.13385827,1.5,27,4990,1,1
7345_02,3929.13385827,1.5,27,4990,1,1
7345_03,3929.13385827,1.5,27,4990,1,1
7345_04,3929.13385827,1.5,27,4990,1,1
7345_05,3929.13385827,1.5,27,4990,1,1
5063_01,12590.5511811,1.5,27,15990,1,1
5063_02,12590.5511811,1.5,27,15990,0,1
5185_01,9440.94488189,1.5,27,11990,1,1
5186_01,9440.94488189,1.5,27,11990,1,1
5190_01,7078.74015748,1.5,27,8990,0,1
5190_02,7078.74015748,1.5,27,8990,1,1
5190_03,7078.74015748,1.5,27,8990,1,1
5190_04,7078.74015748,1.5,27,8990,1,1
5191_01,7078.74015748,1.5,27,8990,0,1
5536_01,14165.3543307,1.5,27,17990,0,1
5933_01,5503.93700787,1.5,27,6990,1,1
5958_01,13377.9527559,1.5,27,16990,1,1
5958_02,13377.9527559,1.5,27,16990,0,1
5958_03,13377.9527559,1.5,27,16990,1,1
5958_04,13377.9527559,1.5,27,16990,0,1
5958_05,13377.9527559,1.5,27,16990,0,1
6133_01,17314.9606299,1.5,27,21990,1,1
6153_01,18102.3622047,1.5,27,22990,0,1
6238_01,5503.93700787,1.5,27,6990,1,1
6238_02,5503.93700787,1.5,27,6990,0,1
6247_01,14165.3543307,1.5,27,17990,0,1
6247_02,14165.3543307,1.5,27,17990,1,1
6320_01,20464.5669291,1.5,27,25990,1,1
6321_01,19283.4645669,1.5,27,24490,1,1
6481_01,18102.3622047,1.5,27,22990,1,1
6481_02,18102.3622047,1.5,27,22990,0,1
6489_01,21251.9685039,1.5,27,26990,0,1
6489_02,21251.9685039,1.5,27,26990,0,1
6491_01,20464.5669291,1.5,27,25990,0,1
6552_01,6685.03937008,1.5,27,8490,1,1
6552_02,6685.03937008,1.5,27,8490,1,1
6555_01,6685.03937008,1.5,27,8490,1,1
6568_01,6291.33858268,1.5,27,7990,0,1
6663_01,3929.13385827,1.5,27,4990,2,1
6664_01,4322.83464567,1.5,27,5490,1,1
6665_01,4322.83464567,1.5,27,5490,3,1
6668_01,3929.13385827,1.5,27,4990,4,1
6671_01,6291.33858268,1.5,27,7990,0,1
6671_02,6291.33858268,1.5,27,7990,0,1
6681_01,1566.92913386,1.5,27,1990,1,1
6682_01,1566.92913386,1.5,27,1990,4,1
6683_01,1566.92913386,1.5,27,1990,2,1
6919_01,18496.0629921,1.5,27,23490,1,1
6919_02,18496.0629921,1.5,27,23490,1,1
6919_03,18496.0629921,1.5,27,23490,1,1
6919_04,18496.0629921,1.5,27,23490,1,1
6919_05,18496.0629921,1.5,27,23490,1,1
6920_01,18496.0629921,1.5,27,23490,1,1
6920_02,18496.0629921,1.5,27,23490,0,1
6920_03,18496.0629921,1.5,27,23490,1,1
6920_04,18496.0629921,1.5,27,23490,1,1
6920_05,18496.0629921,1.5,27,23490,1,1
6920_06,18496.0629921,1.5,27,23490,1,1
6921_01,17314.9606299,1.5,27,21990,1,1
6921_02,17314.9606299,1.5,27,21990,1,1
6922_01,17314.9606299,1.5,27,21990,1,1
6922_02,17314.9606299,1.5,27,21990,0,1
6922_03,17314.9606299,1.5,27,21990,0,1
6925_01,19677.1653543,1.5,27,24990,0,1
6925_02,19677.1653543,1.5,27,24990,0,1
6925_03,19677.1653543,1.5,27,24990,0,1
6925_04,19677.1653543,1.5,27,24990,1,1
6925_05,19677.1653543,1.5,27,24990,1,1
6925_06,19677.1653543,1.5,27,24990,0,1
6926_01,17314.9606299,1.5,27,21990,1,1
6926_02,17314.9606299,1.5,27,21990,1,1
6926_03,17314.9606299,1.5,27,21990,1,1
6926_04,17314.9606299,1.5,27,21990,1,1
6926_05,17314.9606299,1.5,27,21990,1,1
6927_01,17314.9606299,1.5,27,21990,2,1
6927_02,17314.9606299,1.5,27,21990,1,1
6928_01,17314.9606299,1.5,27,21990,2,1
6928_02,17314.9606299,1.5,27,21990,1,1
6929_01,17314.9606299,1.5,27,21990,1,1
6929_02,17314.9606299,1.5,27,21990,0,1
6929_03,17314.9606299,1.5,27,21990,0,1
6929_04,17314.9606299,1.5,27,21990,0,1
6930_01,19677.1653543,1.5,27,24990,0,1
6930_02,19677.1653543,1.5,27,24990,1,1
6934_01,4716.53543307,1.5,27,5990,0,1
6935_01,4716.53543307,1.5,27,5990,3,1
6936_01,5897.63779528,1.5,27,7490,0,1
6948_01,11803.1496063,1.5,27,14990,2,1
6948_02,11803.1496063,1.5,27,14990,1,1
7044_01,5897.63779528,1.5,27,7490,0,1
7045_01,5897.63779528,1.5,27,7490,0,1
7194_01,20858.2677165,1.5,27,26490,1,1
7194_02,20858.2677165,1.5,27,26490,1,1
7194_03,20858.2677165,1.5,27,26490,1,1
7194_04,20858.2677165,1.5,27,26490,0,1
7194_05,20858.2677165,1.5,27,26490,0,1
7194_06,20858.2677165,1.5,27,26490,1,1
7194_07,20858.2677165,1.5,27,26490,0,1
7194_08,20858.2677165,1.5,27,26490,1,1
7195_01,20858.2677165,1.5,27,26490,1,1
7195_02,20858.2677165,1.5,27,26490,0,1
7195_03,20858.2677165,1.5,27,26490,0,1
7195_04,20858.2677165,1.5,27,26490,0,1
7195_05,20858.2677165,1.5,27,26490,0,1
7195_06,20858.2677165,1.5,27,26490,1,1
7195_07,20858.2677165,1.5,27,26490,1,1
7195_08,20858.2677165,1.5,27,26490,1,1
7196_01,16133.8582677,1.5,27,20490,0,1
7196_02,16133.8582677,1.5,27,20490,0,1
7196_03,16133.8582677,1.5,27,20490,1,1
7196_04,16133.8582677,1.5,27,20490,1,1
7196_05,16133.8582677,1.5,27,20490,1,1
7196_06,16133.8582677,1.5,27,20490,0,1
7196_07,16133.8582677,1.5,27,20490,1,1
7196_08,16133.8582677,1.5,27,20490,1,1
7197_01,17708.6614173,1.5,27,22490,1,1
7197_02,17708.6614173,1.5,27,22490,1,1
7197_03,17708.6614173,1.5,27,22490,0,1
7197_04,17708.6614173,1.5,27,22490,0,1
7197_05,17708.6614173,1.5,27,22490,0,1
7197_06,17708.6614173,1.5,27,22490,0,1
7197_07,17708.6614173,1.5,27,22490,0,1
7197_08,17708.6614173,1.5,27,22490,1,1
7198_01,17708.6614173,1.5,27,22490,1,1
7198_02,17708.6614173,1.5,27,22490,1,1
7198_03,17708.6614173,1.5,27,22490,0,1
7198_04,17708.6614173,1.5,27,22490,1,1
7198_05,17708.6614173,1.5,27,22490,0,1
7198_06,17708.6614173,1.5,27,22490,1,1
7198_07,17708.6614173,1.5,27,22490,0,1
7199_01,17314.9606299,1.5,27,21990,0,1
7199_02,17314.9606299,1.5,27,21990,0,1
7199_03,17314.9606299,1.5,27,21990,0,1
7199_04,17314.9606299,1.5,27,21990,0,1
7199_05,17314.9606299,1.5,27,21990,1,1
7199_06,17314.9606299,1.5,27,21990,0,1
7199_07,17314.9606299,1.5,27,21990,1,1
7200_01,17314.9606299,1.5,27,21990,0,1
7200_02,17314.9606299,1.5,27,21990,0,1
7200_03,17314.9606299,1.5,27,21990,1,1
7200_04,17314.9606299,1.5,27,21990,1,1
7200_05,17314.9606299,1.5,27,21990,1,1
7200_06,17314.9606299,1.5,27,21990,0,1
7200_07,17314.9606299,1.5,27,21990,1,1
7201_01,17314.9606299,1.5,27,21990,1,1
7201_02,17314.9606299,1.5,27,21990,0,1
7201_03,17314.9606299,1.5,27,21990,0,1
7201_04,17314.9606299,1.5,27,21990,1,1
7201_05,17314.9606299,1.5,27,21990,1,1
7201_06,17314.9606299,1.5,27,21990,0,1
7201_07,17314.9606299,1.5,27,21990,0,1
7201_08,17314.9606299,1.5,27,21990,1,1
7202_01,19677.1653543,1.5,27,24990,1,1
7202_02,19677.1653543,1.5,27,24990,1,1
7202_03,19677.1653543,1.5,27,24990,1,1
7202_04,19677.1653543,1.5,27,24990,1,1
7202_05,19677.1653543,1.5,27,24990,1,1
7202_06,19677.1653543,1.5,27,24990,1,1
7202_07,19677.1653543,1.5,27,24990,1,1
7203_01,19677.1653543,1.5,27,24990,1,1
7203_02,19677.1653543,1.5,27,24990,0,1
7203_03,19677.1653543,1.5,27,24990,0,1
7203_04,19677.1653543,1.5,27,24990,0,1
7203_05,19677.1653543,1.5,27,24990,1,1
7203_06,19677.1653543,1.5,27,24990,1,1
7203_07,19677.1653543,1.5,27,24990,1,1
7203_08,19677.1653543,1.5,27,24990,1,1
7204_01,20464.5669291,1.5,27,25990,0,1
7205_01,24401.5748031,1.5,27,30990,1,1
7205_02,24401.5748031,1.5,27,30990,0,1
7205_03,24401.5748031,1.5,27,30990,0,1
7205_04,24401.5748031,1.5,27,30990,1,1
7232_01,6685.03937008,1.5,27,8490,0,1
7232_02,6685.03937008,1.5,27,8490,1,1
7232_03,6685.03937008,1.5,27,8490,0,1
7233_01,5503.93700787,1.5,27,6990,0,1
7233_02,5503.93700787,1.5,27,6990,0,1
7233_03,5503.93700787,1.5,27,6990,0,1
7233_04,5503.93700787,1.5,27,6990,0,1
7234_01,5503.93700787,1.5,27,6990,0,1
7234_02,5503.93700787,1.5,27,6990,1,1
7234_03,5503.93700787,1.5,27,6990,1,1
7235_01,5503.93700787,1.5,27,6990,0,1
7235_02,5503.93700787,1.5,27,6990,0,1
7235_03,5503.93700787,1.5,27,6990,1,1
7235_04,5503.93700787,1.5,27,6990,0,1
7236_01,5503.93700787,1.5,27,6990,0,1
7236_02,5503.93700787,1.5,27,6990,0,1
7236_03,5503.93700787,1.5,27,6990,1,1
7236_04,5503.93700787,1.5,27,6990,1,1
7237_01,5503.93700787,1.5,27,6990,0,1
7237_02,5503.93700787,1.5,27,6990,0,1
7237_03,5503.93700787,1.5,27,6990,0,1
7238_01,5503.93700787,1.5,27,6990,0,1
7238_02,5503.93700787,1.5,27,6990,0,1
7238_03,5503.93700787,1.5,27,6990,1,1
7238_04,5503.93700787,1.5,27,6990,0,1
7239_01,5503.93700787,1.5,27,6990,0,1
7239_02,5503.93700787,1.5,27,6990,1,1
7239_03,5503.93700787,1.5,27,6990,0,1
7240_01,5503.93700787,1.5,27,6990,0,1
7240_02,5503.93700787,1.5,27,6990,0,1
7240_03,5503.93700787,1.5,27,6990,1,1
7240_04,5503.93700787,1.5,27,6990,0,1
7241_01,5503.93700787,1.5,27,6990,1,1
7241_02,5503.93700787,1.5,27,6990,0,1
7241_03,5503.93700787,1.5,27,6990,0,1
7242_01,5503.93700787,1.5,27,6990,0,1
7242_02,5503.93700787,1.5,27,6990,0,1
7243_01,5503.93700787,1.5,27,6990,0,1
7243_02,5503.93700787,1.5,27,6990,0,1
7243_03,5503.93700787,1.5,27,6990,0,1
7243_04,5503.93700787,1.5,27,6990,0,1
7244_01,5503.93700787,1.5,27,6990,0,1
7244_02,5503.93700787,1.5,27,6990,0,1
7244_03,5503.93700787,1.5,27,6990,1,1
7244_04,5503.93700787,1.5,27,6990,0,1
7255_01,13377.9527559,1.5,27,16990,0,1
7255_02,13377.9527559,1.5,27,16990,0,1
7255_03,13377.9527559,1.5,27,16990,0,1
7256_01,13377.9527559,1.5,27,16990,0,1
7256_02,13377.9527559,1.5,27,16990,0,1
7256_03,13377.9527559,1.5,27,16990,0,1
7257_01,14559.0551181,1.5,27,18490,0,1
7257_02,14559.0551181,1.5,27,18490,0,1
7257_03,14559.0551181,1.5,27,18490,0,1
7258_01,14559.0551181,1.5,27,18490,1,1
7258_02,14559.0551181,1.5,27,18490,0,1
7259_01,14559.0551181,1.5,27,18490,0,1
7259_02,14559.0551181,1.5,27,18490,0,1
7260_01,12196.8503937,1.5,27,15490,0,1
7260_02,12196.8503937,1.5,27,15490,0,1
7260_03,12196.8503937,1.5,27,15490,0,1
7261_01,12196.8503937,1.5,27,15490,0,1
7261_02,12196.8503937,1.5,27,15490,0,1
7261_03,12196.8503937,1.5,27,15490,0,1
7267_01,6291.33858268,1.5,27,7990,0,1
7268_01,6685.03937008,1.5,27,8490,3,1
7269_01,6685.03937008,1.5,27,8490,1,1
7270_01,6685.03937008,1.5,27,8490,3,1
7275_01,4716.53543307,1.5,27,5990,3,1
7276_01,4716.53543307,1.5,27,5990,1,1
7277_01,4716.53543307,1.5,27,5990,1,1
7301_01,13377.9527559,1.5,27,16990,1,1
7301_02,13377.9527559,1.5,27,16990,1,1
7301_03,13377.9527559,1.5,27,16990,0,1
7301_04,13377.9527559,1.5,27,16990,1,1
7302_01,13377.9527559,1.5,27,16990,1,1
7302_02,13377.9527559,1.5,27,16990,1,1
7302_03,13377.9527559,1.5,27,16990,0,1
7302_04,13377.9527559,1.5,27,16990,0,1
7302_05,13377.9527559,1.5,27,16990,0,1
7323_01,4716.53543307,1.5,27,5990,1,1
7324_01,4716.53543307,1.5,27,5990,5,1
7326_01,3929.13385827,1.5,27,4990,3,1
7327_01,3929.13385827,1.5,27,4990,3,1
7328_01,3929.13385827,1.5,27,4990,3,1
6212_01,6685.03937008,1.5,27,8490,0,1
6230_01,6291.33858268,1.5,27,7990,1,1
6483_01,20464.5669291,1.5,27,25990,1,1
6914_01,22826.7716535,1.5,27,28990,0,1
6914_02,22826.7716535,1.5,27,28990,1,1
6914_03,22826.7716535,1.5,27,28990,1,1
6914_04,22826.7716535,1.5,27,28990,1,1
6915_01,19677.1653543,1.5,27,24990,1,1
6915_02,19677.1653543,1.5,27,24990,1,1
7191_01,20858.2677165,1.5,27,26490,0,1
7191_02,20858.2677165,1.5,27,26490,0,1
7191_03,20858.2677165,1.5,27,26490,1,1
7191_04,20858.2677165,1.5,27,26490,0,1
7191_05,20858.2677165,1.5,27,26490,0,1
7191_06,20858.2677165,1.5,27,26490,0,1
7192_01,20464.5669291,1.5,27,25990,1,1
7192_02,20464.5669291,1.5,27,25990,0,1
7192_03,20464.5669291,1.5,27,25990,1,1
7192_04,20464.5669291,1.5,27,25990,0,1
7192_05,20464.5669291,1.5,27,25990,0,1
7193_01,19677.1653543,1.5,27,24990,0,1
7193_02,19677.1653543,1.5,27,24990,0,1
7193_03,19677.1653543,1.5,27,24990,0,1
7193_04,19677.1653543,1.5,27,24990,0,1
7193_05,19677.1653543,1.5,27,24990,0,1
7193_06,19677.1653543,1.5,27,24990,1,1
7230_01,6685.03937008,1.5,27,8490,0,1
7230_02,6685.03937008,1.5,27,8490,1,1
7230_03,6685.03937008,1.5,27,8490,1,1
7252_01,14559.0551181,1.5,27,18490,0,1
7252_02,14559.0551181,1.5,27,18490,0,1
7252_03,14559.0551181,1.5,27,18490,1,1
7253_01,14559.0551181,1.5,27,18490,0,1
7253_02,14559.0551181,1.5,27,18490,0,1
7253_03,14559.0551181,1.5,27,18490,0,1
7322_01,2354.33070866,1.5,27,2990,3,1
3113_01,3929.13385827,1.5,27,4990,3,1
3320_01,3929.13385827,1.5,27,4990,3,1
3321_01,3929.13385827,1.5,27,4990,4,1
5178_01,5897.63779528,1.5,27,7490,1,1
5882_01,5503.93700787,1.5,27,6990,0,1
5884_01,5503.93700787,1.5,27,6990,0,1
5954_01,13377.9527559,1.5,27,16990,1,1
6209_01,3929.13385827,1.5,27,4990,1,1
6485_01,19283.4645669,1.5,27,24490,1,1
6486_01,19283.4645669,1.5,27,24490,0,1
6545_01,6685.03937008,1.5,27,8490,1,1
6545_02,6685.03937008,1.5,27,8490,1,1
6547_01,6685.03937008,1.5,27,8490,0,1
6659_01,4322.83464567,1.5,27,5490,1,1
6660_01,4322.83464567,1.5,27,5490,4,1
6661_01,4322.83464567,1.5,27,5490,0,1
6685_01,5110.23622047,1.5,27,6490,4,1
6686_01,5110.23622047,1.5,27,6490,5,1
6687_01,5110.23622047,1.5,27,6490,7,1
6916_01,17314.9606299,1.5,27,21990,1,1
6916_02,17314.9606299,1.5,27,21990,0,1
6916_03,17314.9606299,1.5,27,21990,1,1
6916_04,17314.9606299,1.5,27,21990,0,1
6916_05,17314.9606299,1.5,27,21990,1,1
6917_01,18496.0629921,1.5,27,23490,0,1
6917_02,18496.0629921,1.5,27,23490,1,1
6917_03,18496.0629921,1.5,27,23490,0,1
6918_01,18496.0629921,1.5,27,23490,0,1
6918_02,18496.0629921,1.5,27,23490,0,1
6918_03,18496.0629921,1.5,27,23490,0,1
6918_04,18496.0629921,1.5,27,23490,0,1
6931_01,6685.03937008,1.5,27,8490,0,1
6932_01,6685.03937008,1.5,27,8490,1,1
6933_01,6685.03937008,1.5,27,8490,4,1
6941_01,5897.63779528,1.5,27,7490,1,1
6942_01,5897.63779528,1.5,27,7490,0,1
6943_01,5897.63779528,1.5,27,7490,0,1
6944_01,5897.63779528,1.5,27,7490,0,1
6944_02,5897.63779528,1.5,27,7490,0,1
6945_01,5897.63779528,1.5,27,7490,0,1
6945_02,5897.63779528,1.5,27,7490,0,1
6946_01,5897.63779528,1.5,27,7490,0,1
7184_01,22039.3700787,1.5,27,27990,1,1
7184_02,22039.3700787,1.5,27,27990,1,1
7184_03,22039.3700787,1.5,27,27990,0,1
7184_04,22039.3700787,1.5,27,27990,1,1
7184_05,22039.3700787,1.5,27,27990,1,1
7184_06,22039.3700787,1.5,27,27990,1,1
7184_07,22039.3700787,1.5,27,27990,1,1
7185_01,22039.3700787,1.5,27,27990,1,1
7185_02,22039.3700787,1.5,27,27990,0,1
7185_03,22039.3700787,1.5,27,27990,1,1
7185_04,22039.3700787,1.5,27,27990,0,1
7185_05,22039.3700787,1.5,27,27990,0,1
7186_01,17314.9606299,1.5,27,21990,1,1
7186_02,17314.9606299,1.5,27,21990,0,1
7186_03,17314.9606299,1.5,27,21990,1,1
7186_04,17314.9606299,1.5,27,21990,1,1
7186_05,17314.9606299,1.5,27,21990,0,1
7186_06,17314.9606299,1.5,27,21990,1,1
7186_07,17314.9606299,1.5,27,21990,1,1
7187_01,18496.0629921,1.5,27,23490,1,1
7187_02,18496.0629921,1.5,27,23490,1,1
7187_03,18496.0629921,1.5,27,23490,0,1
7187_04,18496.0629921,1.5,27,23490,0,1
7187_05,18496.0629921,1.5,27,23490,0,1
7187_06,18496.0629921,1.5,27,23490,1,1
7188_01,18496.0629921,1.5,27,23490,0,1
7188_02,18496.0629921,1.5,27,23490,1,1
7188_03,18496.0629921,1.5,27,23490,0,1
7188_04,18496.0629921,1.5,27,23490,0,1
7188_05,18496.0629921,1.5,27,23490,0,1
7188_06,18496.0629921,1.5,27,23490,1,1
7189_01,19677.1653543,1.5,27,24990,1,1
7189_02,19677.1653543,1.5,27,24990,1,1
7189_03,19677.1653543,1.5,27,24990,1,1
7189_04,19677.1653543,1.5,27,24990,0,1
7189_05,19677.1653543,1.5,27,24990,1,1
7189_06,19677.1653543,1.5,27,24990,0,1
7189_07,19677.1653543,1.5,27,24990,0,1
7190_01,17314.9606299,1.5,27,21990,1,1
7190_02,17314.9606299,1.5,27,21990,0,1
7190_03,17314.9606299,1.5,27,21990,0,1
7190_04,17314.9606299,1.5,27,21990,0,1
7190_05,17314.9606299,1.5,27,21990,0,1
7190_06,17314.9606299,1.5,27,21990,1,1
7190_07,17314.9606299,1.5,27,21990,1,1
7217_01,5503.93700787,1.5,27,6990,0,1
7217_02,5503.93700787,1.5,27,6990,0,1
7217_03,5503.93700787,1.5,27,6990,1,1
7218_01,5503.93700787,1.5,27,6990,1,1
7218_02,5503.93700787,1.5,27,6990,0,1
7219_01,5503.93700787,1.5,27,6990,0,1
7219_02,5503.93700787,1.5,27,6990,0,1
7220_01,5503.93700787,1.5,27,6990,1,1
7220_02,5503.93700787,1.5,27,6990,0,1
7220_03,5503.93700787,1.5,27,6990,1,1
7221_01,6685.03937008,1.5,27,8490,1,1
7221_02,6685.03937008,1.5,27,8490,1,1
7222_01,6685.03937008,1.5,27,8490,1,1
7222_02,6685.03937008,1.5,27,8490,2,1
7222_03,6685.03937008,1.5,27,8490,1,1
7223_01,5503.93700787,1.5,27,6990,0,1
7223_02,5503.93700787,1.5,27,6990,1,1
7223_03,5503.93700787,1.5,27,6990,0,1
7224_01,5503.93700787,1.5,27,6990,0,1
7224_02,5503.93700787,1.5,27,6990,1,1
7225_01,5503.93700787,1.5,27,6990,1,1
7225_02,5503.93700787,1.5,27,6990,0,1
7225_03,5503.93700787,1.5,27,6990,1,1
7226_01,5503.93700787,1.5,27,6990,1,1
7226_02,5503.93700787,1.5,27,6990,0,1
7226_03,5503.93700787,1.5,27,6990,1,1
7227_01,5503.93700787,1.5,27,6990,1,1
7227_02,5503.93700787,1.5,27,6990,0,1
7227_03,5503.93700787,1.5,27,6990,1,1
7228_01,5503.93700787,1.5,27,6990,1,1
7228_02,5503.93700787,1.5,27,6990,0,1
7228_03,5503.93700787,1.5,27,6990,1,1
7229_01,6685.03937008,1.5,27,8490,1,1
7229_02,6685.03937008,1.5,27,8490,1,1
7246_01,13377.9527559,1.5,27,16990,0,1
7246_02,13377.9527559,1.5,27,16990,1,1
7246_03,13377.9527559,1.5,27,16990,1,1
7247_01,13377.9527559,1.5,27,16990,1,1
7247_02,13377.9527559,1.5,27,16990,0,1
7247_03,13377.9527559,1.5,27,16990,1,1
7247_04,13377.9527559,1.5,27,16990,1,1
7249_01,14559.0551181,1.5,27,18490,1,1
7249_02,14559.0551181,1.5,27,18490,0,1
7249_03,14559.0551181,1.5,27,18490,0,1
7249_04,14559.0551181,1.5,27,18490,1,1
7251_01,13377.9527559,1.5,27,16990,0,1
7251_02,13377.9527559,1.5,27,16990,0,1
7251_03,13377.9527559,1.5,27,16990,0,1
7254_01,14559.0551181,1.5,27,18490,0,1
7254_02,14559.0551181,1.5,27,18490,0,1
7263_01,6685.03937008,1.5,27,8490,1,1
7265_01,6685.03937008,1.5,27,8490,3,1
7266_01,6291.33858268,1.5,27,7990,1,1
7271_01,4716.53543307,1.5,27,5990,0,1
7272_01,4716.53543307,1.5,27,5990,0,1
7273_01,4716.53543307,1.5,27,5990,0,1
7274_01,4716.53543307,1.5,27,5990,0,1
7325_01,5503.93700787,1.5,27,6990,3,1
7329_01,4716.53543307,1.5,27,5990,3,1
2450_01,14165.3543307,1.5,27,17990,0,1
6284_01,6685.03937008,1.5,27,8490,2,1
6350_01,5503.93700787,1.5,27,6990,0,1
6906_01,7866.14173228,1.5,27,9990,0,1
6906_02,7866.14173228,1.5,27,9990,0,1
6907_01,6291.33858268,1.5,27,7990,0,1
6907_02,6291.33858268,1.5,27,7990,0,1
6907_03,6291.33858268,1.5,27,7990,1,1
6907_04,6291.33858268,1.5,27,7990,1,1
6908_01,6291.33858268,1.5,27,7990,0,1
6908_02,6291.33858268,1.5,27,7990,1,1
6909_01,6291.33858268,1.5,27,7990,0,1
6909_02,6291.33858268,1.5,27,7990,1,1
6910_01,6291.33858268,1.5,27,7990,0,1
6910_02,6291.33858268,1.5,27,7990,1,1
6910_03,6291.33858268,1.5,27,7990,1,1
6911_01,6291.33858268,1.5,27,7990,1,1
6911_02,6291.33858268,1.5,27,7990,1,1
6912_01,6291.33858268,1.5,27,7990,1,1
6912_02,6291.33858268,1.5,27,7990,1,1
6912_03,6291.33858268,1.5,27,7990,1,1
6912_04,6291.33858268,1.5,27,7990,0,1
5129_01,7078.74015748,1.5,27,8990,0,1
5131_01,7078.74015748,1.5,27,8990,0,1
5335_01,15740.1574803,1.5,27,19990,0,1
5844_01,4716.53543307,1.5,27,5990,0,1
5845_01,4716.53543307,1.5,27,5990,1,1
5961_01,8653.54330709,1.5,27,10990,0,1
6106_01,7078.74015748,1.5,27,8990,1,1
6106_02,7078.74015748,1.5,27,8990,1,1
6107_01,7078.74015748,1.5,27,8990,1,1
6108_01,7078.74015748,1.5,27,8990,0,1
6108_02,7078.74015748,1.5,27,8990,1,1
6108_03,7078.74015748,1.5,27,8990,1,1
6109_01,7078.74015748,1.5,27,8990,1,1
6109_02,7078.74015748,1.5,27,8990,1,1
6110_01,7078.74015748,1.5,27,8990,1,1
6110_02,7078.74015748,1.5,27,8990,0,1
6751_01,9834.64566929,1.5,27,12490,1,1
6752_01,9834.64566929,1.5,27,12490,0,1
6753_01,7866.14173228,1.5,27,9990,1,1
6754_01,7866.14173228,1.5,27,9990,0,1
6757_01,4716.53543307,1.5,27,5990,0,1
6760_01,19677.1653543,1.5,27,24990,1,1
6760_02,19677.1653543,1.5,27,24990,1,1
6760_03,19677.1653543,1.5,27,24990,1,1
6760_04,19677.1653543,1.5,27,24990,1,1
6760_05,19677.1653543,1.5,27,24990,1,1
6760_06,19677.1653543,1.5,27,24990,1,1
6761_01,19677.1653543,1.5,27,24990,1,1
6761_02,19677.1653543,1.5,27,24990,1,1
6761_03,19677.1653543,1.5,27,24990,1,1
6762_01,19677.1653543,1.5,27,24990,1,1
6762_02,19677.1653543,1.5,27,24990,1,1
6762_03,19677.1653543,1.5,27,24990,1,1
6762_04,19677.1653543,1.5,27,24990,1,1
6762_05,19677.1653543,1.5,27,24990,1,1
6762_06,19677.1653543,1.5,27,24990,1,1
6763_01,19677.1653543,1.5,27,24990,2,1
6763_02,19677.1653543,1.5,27,24990,1,1
6763_03,19677.1653543,1.5,27,24990,1,1
6763_04,19677.1653543,1.5,27,24990,1,1
6763_05,19677.1653543,1.5,27,24990,0,1
6867_01,12590.5511811,1.5,27,15990,0,1
6867_02,12590.5511811,1.5,27,15990,1,1
6868_01,12590.5511811,1.5,27,15990,1,1
6868_02,12590.5511811,1.5,27,15990,0,1
6869_01,12590.5511811,1.5,27,15990,1,1
5089_01,11803.1496063,1.5,27,14990,0,1
5089_02,11803.1496063,1.5,27,14990,0,1
6120_01,35425.1968504,1.5,27,44990,1,1
6123_01,33692.9133858,1.5,27,42790,1,1
6444_01,11409.4488189,1.5,27,14490,0,1
5675_01,5503.93700787,1.5,27,6990,1,1
5679_01,5897.63779528,1.5,27,7490,1,1
5681_01,5897.63779528,1.5,27,7490,0,1
6005_01,4716.53543307,1.5,27,5990,0,1
6030_01,31488.1889764,1.5,27,39990,0,1
6634_01,11803.1496063,1.5,27,14990,0,1
6635_01,10228.3464567,1.5,27,12990,1,1
6638_01,10228.3464567,1.5,27,12990,0,1
6639_01,9440.94488189,1.5,27,11990,1,1
6640_01,10228.3464567,1.5,27,12990,1,1
6644_01,8653.54330709,1.5,27,10990,1,1
6645_01,8653.54330709,1.5,27,10990,0,1
6672_01,6291.33858268,1.5,27,7990,1,1
7002_01,6291.33858268,1.5,27,7990,0,1
7003_01,6291.33858268,1.5,27,7990,1,1
7004_01,6291.33858268,1.5,27,7990,1,1
7005_01,7866.14173228,1.5,27,9990,0,1
7006_01,7866.14173228,1.5,27,9990,1,1
7009_01,9047.24409449,1.5,27,11490,2,1
7011_01,10228.3464567,1.5,27,12990,1,1
7012_01,10228.3464567,1.5,27,12990,1,1
7013_01,10228.3464567,1.5,27,12990,1,1
7014_01,10228.3464567,1.5,27,12990,1,1
7015_01,6291.33858268,1.5,27,7990,1,1
7017_01,6291.33858268,1.5,27,7990,2,1
7018_01,6291.33858268,1.5,27,7990,1,1
7019_01,6291.33858268,1.5,27,7990,1,1
7020_01,6291.33858268,1.5,27,7990,2,1
7024_01,10228.3464567,1.5,27,12990,3,1
6206_01,3929.13385827,1.5,27,4990,4,1
6207_01,3929.13385827,1.5,27,4990,1,1
6208_01,3929.13385827,1.5,27,4990,0,1
6244_01,6685.03937008,1.5,27,8490,1,1
6244_02,6685.03937008,1.5,27,8490,0,1
6244_03,6685.03937008,1.5,27,8490,1,1
6244_04,6685.03937008,1.5,27,8490,0,1
6245_01,5503.93700787,1.5,27,6990,1,1
6246_01,6291.33858268,1.5,27,7990,0,1
6246_02,6291.33858268,1.5,27,7990,0,1
6248_01,14165.3543307,1.5,27,17990,1,1
6248_02,14165.3543307,1.5,27,17990,1,1
6248_03,14165.3543307,1.5,27,17990,1,1
6248_04,14165.3543307,1.5,27,17990,1,1
6250_01,10228.3464567,1.5,27,12990,1,1
6535_01,6685.03937008,1.5,27,8490,1,1
6535_02,6685.03937008,1.5,27,8490,0,1
6536_01,6685.03937008,1.5,27,8490,0,1
6536_02,6685.03937008,1.5,27,8490,1,1
6536_03,6685.03937008,1.5,27,8490,1,1
6537_01,6685.03937008,1.5,27,8490,1,1
6537_02,6685.03937008,1.5,27,8490,2,1
6537_03,6685.03937008,1.5,27,8490,1,1
6538_01,6685.03937008,1.5,27,8490,1,1
6538_02,6685.03937008,1.5,27,8490,1,1
6538_03,6685.03937008,1.5,27,8490,0,1
6556_01,6685.03937008,1.5,27,8490,3,1
6557_01,6685.03937008,1.5,27,8490,0,1
6559_01,6685.03937008,1.5,27,8490,1,1
6662_01,4322.83464567,1.5,27,5490,3,1
6891_01,6685.03937008,1.5,27,8490,0,1
